terminal_id,tanggal,jumlah_kontainer,NON MITA,MITA,HIJAU,MERAH,KUNING,NON,BORDER,POST-BORDER,BORDER_POST-BORDER,lartas N,lartas Y,lartas NA,KARANTINA TUMBUHAN,KARANTINA HEWAN,KARANTINA IKAN,PRENO,NON_PRENO,avg_dt
JICT,2018-01-01,536,176,360,517,1,18,46,490,0,0,28,508,456,65,12,3,103,433,4.95
JICT,2018-01-02,866,726,140,706,61,99,371,495,0,0,264,602,715,91,1,59,140,726,5.24
JICT,2018-01-03,1571,1122,449,1475,37,59,443,1128,0,0,318,1253,1443,43,3,82,354,1217,4.67
JICT,2018-01-04,1608,1121,487,1423,85,100,510,1098,0,0,369,1239,1582,12,14,0,739,869,4.28
JICT,2018-01-05,2032,1598,434,1680,219,133,870,1161,0,1,604,1428,1910,105,9,8,1062,970,4.79
JICT,2018-01-06,1515,1218,297,1260,115,140,730,785,0,0,487,1028,1446,56,1,12,827,688,4.08
JICT,2018-01-07,2234,1575,659,2054,88,92,738,1496,0,0,500,1734,1960,243,10,21,745,1489,3.76
JICT,2018-01-08,902,697,205,827,33,42,267,632,0,3,197,705,804,88,10,0,354,548,3.46
JICT,2018-01-09,1290,1147,143,1139,62,89,436,854,0,0,316,974,1151,122,5,12,798,492,2.64
JICT,2018-01-10,459,363,96,400,32,27,242,217,0,0,157,302,442,16,1,0,258,201,3.04
JICT,2018-01-11,2525,1764,761,2212,89,224,1002,1523,0,0,707,1818,2407,98,13,7,1331,1194,3.08
JICT,2018-01-12,676,557,119,545,76,55,296,379,0,1,223,453,614,56,2,4,365,311,4.17
JICT,2018-01-13,1867,1374,493,1573,162,132,703,1163,1,0,523,1344,1744,80,32,11,709,1158,4.11
JICT,2018-01-14,2107,1351,756,1879,188,40,556,1551,0,0,444,1663,1799,254,46,8,413,1694,4.40
JICT,2018-01-15,761,381,380,737,17,7,164,593,0,4,119,642,649,94,17,1,179,582,3.07
JICT,2018-01-16,1538,1283,255,1416,58,64,510,1028,0,0,358,1180,1504,24,1,9,856,682,2.13
JICT,2018-01-17,1774,1331,443,1631,94,49,738,1036,0,0,437,1337,1736,22,16,0,890,884,2.61
JICT,2018-01-18,2106,1429,677,1867,80,159,666,1425,1,14,447,1659,2035,32,39,0,987,1119,2.90
JICT,2018-01-19,1284,961,323,1137,75,72,510,774,0,0,353,931,1233,43,8,0,603,681,3.37
JICT,2018-01-20,3473,2814,659,2988,263,222,1334,2136,3,0,950,2523,3348,103,21,1,1530,1943,3.77
JICT,2018-01-21,1575,711,864,1503,42,30,394,1179,1,1,265,1310,1418,131,25,1,213,1362,3.13
JICT,2018-01-22,493,359,134,428,43,22,280,213,0,0,163,330,470,23,0,0,113,380,3.21
JICT,2018-01-23,2051,1628,423,1764,157,130,787,1254,8,2,567,1484,1970,57,14,10,833,1218,2.82
JICT,2018-01-24,1591,1041,550,1452,72,67,375,1194,21,1,307,1284,1512,45,32,2,751,840,2.57
JICT,2018-01-25,3233,2423,810,2850,273,110,1012,2059,125,37,876,2357,3174,38,20,1,1311,1922,3.38
JICT,2018-01-26,2946,2452,494,2499,263,184,1178,1640,58,70,928,2018,2731,201,14,0,1387,1559,3.63
JICT,2018-01-27,1577,1112,465,1365,160,52,541,983,14,39,429,1148,1492,76,6,3,718,859,3.40
JICT,2018-01-28,1630,1123,507,1460,123,47,516,1082,3,29,323,1307,1368,239,20,3,644,986,2.95
JICT,2018-01-29,200,170,30,193,1,6,101,76,0,23,65,135,199,1,0,0,121,79,1.24
JICT,2018-01-30,297,228,69,251,20,26,122,164,10,1,105,192,297,0,0,0,39,258,2.60
JICT,2018-01-31,1381,875,506,1178,140,63,583,631,127,40,543,838,1311,40,29,1,436,945,3.30
JICT,2018-02-01,2774,2221,553,2346,296,132,1151,925,637,61,1529,1245,2580,150,12,32,1069,1705,3.36
JICT,2018-02-02,804,572,232,698,79,27,300,283,195,26,433,371,693,98,13,0,333,471,3.42
JICT,2018-02-03,711,618,93,613,76,22,413,144,143,11,479,232,688,20,2,1,201,510,4.62
JICT,2018-02-05,136,112,24,123,1,12,60,35,41,0,91,45,113,10,1,12,86,50,2.00
JICT,2018-02-06,1926,1459,467,1762,93,71,786,517,620,3,1155,771,1875,44,0,7,1167,759,2.17
JICT,2018-02-07,925,484,441,859,45,21,208,446,166,105,320,605,746,144,32,3,354,571,2.49
JICT,2018-02-08,2959,2374,585,2569,183,207,1089,907,953,10,1718,1241,2699,216,28,16,1015,1944,3.51
JICT,2018-02-09,1596,1170,426,1421,108,67,638,569,366,23,797,799,1508,78,9,1,637,959,3.79
JICT,2018-02-10,2489,1907,582,2268,151,70,760,1066,609,54,1185,1304,2204,210,75,0,889,1600,4.09
JICT,2018-02-11,1561,1023,538,1330,129,102,620,426,502,13,963,598,1453,85,7,16,265,1296,3.78
JICT,2018-02-12,1688,1405,283,1448,160,80,775,187,690,36,1251,437,1586,66,36,0,543,1145,2.71
JICT,2018-02-13,1195,1014,181,1075,58,62,501,289,400,5,818,377,1128,64,2,1,612,583,3.04
JICT,2018-02-14,1930,1325,605,1776,99,55,601,835,384,110,848,1082,1717,132,81,0,719,1211,2.89
JICT,2018-02-15,1726,1479,247,1462,154,110,831,295,598,2,1270,456,1687,26,3,10,769,957,4.55
JICT,2018-02-16,2791,2126,665,2494,200,97,955,898,855,83,1526,1265,2554,230,6,1,661,2130,4.29
JICT,2018-02-17,2033,1656,377,1805,134,94,785,424,813,11,1439,594,1922,94,12,5,439,1594,4.28
JICT,2018-02-18,2228,1371,857,2091,57,80,586,1031,543,68,908,1320,1828,345,53,2,489,1739,3.19
JICT,2018-02-19,765,586,179,580,130,55,408,86,270,1,583,182,742,20,3,0,183,582,3.88
JICT,2018-02-20,2506,1757,749,2092,281,133,974,977,511,44,1202,1304,2291,158,10,47,801,1705,3.08
JICT,2018-02-21,1318,995,323,1206,60,52,581,441,292,4,747,571,1285,23,5,5,487,831,3.82
JICT,2018-02-22,2272,1847,425,1996,151,125,850,865,469,88,1081,1191,1839,330,51,52,860,1412,3.14
JICT,2018-02-23,2140,1753,387,1864,186,90,1035,251,854,0,1596,544,2018,96,19,7,1172,968,3.65
JICT,2018-02-24,3685,3011,674,3343,272,70,1251,1367,1017,50,1949,1736,3241,364,64,16,1442,2243,3.89
JICT,2018-02-25,1676,1376,300,1523,104,49,425,293,932,26,1250,426,1556,100,18,2,347,1329,3.20
JICT,2018-02-26,2561,1501,1060,2343,150,68,804,880,815,62,1399,1162,2200,288,50,23,522,2039,3.15
JICT,2018-02-27,901,674,227,777,75,49,472,105,321,3,644,257,844,55,1,1,350,551,3.76
JICT,2018-02-28,1760,1089,671,1617,99,44,575,675,419,91,862,898,1578,146,21,15,1026,734,2.13
JICT,2018-03-01,2171,1660,511,1940,177,54,513,557,1085,16,1460,711,2047,103,14,7,1397,774,2.30
JICT,2018-03-02,194,113,81,173,16,5,85,20,89,0,159,35,188,6,0,0,162,32,1.92
JICT,2018-03-03,1626,1326,300,1465,134,27,510,502,578,36,919,707,1497,104,25,0,852,774,2.98
JICT,2018-03-04,1617,1042,575,1485,57,75,603,540,405,69,716,901,1366,176,74,1,322,1295,2.41
JICT,2018-03-05,1051,581,470,991,34,26,229,601,190,31,326,725,777,233,41,0,158,893,2.21
JICT,2018-03-06,1018,780,238,899,102,17,505,111,385,17,680,338,967,30,14,7,536,482,2.36
JICT,2018-03-07,1174,906,268,1038,103,33,280,450,245,199,474,700,828,268,63,15,439,735,2.09
JICT,2018-03-08,1781,1319,462,1618,59,104,615,727,383,56,748,1033,1564,182,34,1,799,982,2.31
JICT,2018-03-09,1775,1268,507,1585,134,56,677,696,351,51,743,1032,1624,102,13,36,1285,490,2.42
JICT,2018-03-10,1755,1201,554,1517,206,32,556,835,348,16,747,1008,1586,140,10,19,1016,739,3.07
JICT,2018-03-11,2638,1750,888,2355,241,42,622,1207,765,44,1208,1430,2177,381,44,36,561,2077,3.67
JICT,2018-03-12,1176,727,449,1061,78,37,391,556,221,8,528,648,1159,13,3,1,566,610,2.03
JICT,2018-03-13,1635,1285,350,1493,81,61,566,204,833,32,1187,448,1491,101,11,32,518,1117,2.66
JICT,2018-03-14,2142,1172,970,2012,92,38,574,1133,321,114,763,1379,1867,198,49,28,856,1286,2.06
JICT,2018-03-15,2367,1610,757,2171,74,122,833,1043,428,63,977,1390,1919,399,49,0,995,1372,2.80
JICT,2018-03-16,1511,1320,191,1289,156,66,575,212,723,1,1166,345,1350,53,23,85,870,641,3.77
JICT,2018-03-17,33,33,0,33,0,0,5,0,28,0,33,0,33,0,0,0,31,2,3.27
JICT,2018-03-18,2734,1931,803,2408,192,134,741,899,994,100,1516,1218,2304,279,53,98,423,2311,2.94
JICT,2018-03-19,699,581,118,572,73,54,405,96,196,2,498,201,678,4,5,12,72,627,3.23
JICT,2018-03-20,1187,930,257,1027,118,42,543,264,354,26,691,496,1139,47,0,1,528,659,1.82
JICT,2018-03-21,1411,997,414,1242,131,38,536,510,249,116,676,735,1187,185,39,0,492,919,2.66
JICT,2018-03-22,3262,2471,791,2923,187,152,1272,1060,726,204,1582,1680,2879,250,106,27,1593,1669,2.61
JICT,2018-03-23,845,763,82,712,90,43,311,269,262,3,518,327,812,31,2,0,599,246,3.07
JICT,2018-03-24,3863,2895,968,3408,350,105,1337,1101,1313,112,2271,1592,3427,412,24,0,1669,2194,3.76
JICT,2018-03-25,1210,1020,190,921,242,47,376,140,600,94,883,327,1044,109,17,40,236,974,3.53
JICT,2018-03-26,2691,1931,760,2435,160,96,933,716,964,78,1718,973,2325,281,77,8,1056,1635,2.58
JICT,2018-03-27,1399,1041,358,1291,81,27,677,282,407,33,901,498,1302,52,44,1,780,619,2.74
JICT,2018-03-28,2554,1899,655,2337,138,79,843,1078,552,81,1163,1391,2385,124,43,2,1313,1241,3.07
JICT,2018-03-29,2497,1943,554,2137,205,155,1109,693,661,34,1357,1140,2259,202,33,3,1215,1282,3.75
JICT,2018-03-30,1168,973,195,1037,94,37,389,364,374,41,642,526,1009,101,3,55,162,1006,4.76
JICT,2018-03-31,1718,1479,239,1569,117,32,507,323,846,42,1262,456,1527,182,2,7,486,1232,4.48
JICT,2018-04-01,1960,1328,632,1657,176,127,647,583,572,158,1047,913,1566,302,79,13,233,1727,3.61
JICT,2018-04-02,1517,1278,239,1197,237,83,613,182,666,56,1099,418,1331,182,2,2,538,979,3.12
JICT,2018-04-03,494,376,118,458,25,11,237,69,188,0,312,182,461,31,1,1,148,346,2.76
JICT,2018-04-04,2332,1742,590,2133,86,113,673,1115,454,90,989,1343,2082,198,47,5,799,1533,2.52
JICT,2018-04-05,2337,1762,575,2174,56,107,888,761,639,49,1128,1209,2156,111,62,8,1111,1226,2.68
JICT,2018-04-06,1707,1411,296,1573,74,60,617,703,342,45,826,881,1467,203,36,1,999,708,2.28
JICT,2018-04-07,3217,2345,872,2840,246,131,1060,1146,905,106,1746,1471,2881,308,23,5,1194,2023,3.79
JICT,2018-04-08,1660,966,694,1414,219,27,292,764,509,95,707,953,1239,301,103,17,298,1362,4.06
JICT,2018-04-09,1422,1287,135,1062,265,95,697,105,548,72,1089,333,1311,111,0,0,549,873,3.19
JICT,2018-04-10,1771,1510,261,1516,161,94,773,243,547,208,1109,662,1425,278,14,54,812,959,2.90
JICT,2018-04-11,2019,1278,741,1893,92,34,437,993,448,141,772,1247,1754,213,51,1,1093,926,2.29
JICT,2018-04-12,2386,1886,500,2108,158,120,873,575,881,57,1421,965,2142,227,17,0,1175,1211,2.93
JICT,2018-04-13,1827,1400,427,1653,114,60,767,569,460,31,1036,791,1657,133,30,7,933,894,3.22
JICT,2018-04-14,2224,1736,488,2112,81,31,901,435,824,64,1449,775,2087,94,38,5,684,1540,3.38
JICT,2018-04-15,1469,1176,293,1240,138,91,654,268,323,224,805,664,1198,251,12,8,166,1303,3.83
JICT,2018-04-16,1717,1023,694,1493,145,79,542,544,481,150,872,845,1409,225,82,1,792,925,2.71
JICT,2018-04-17,1437,1250,187,1256,121,60,531,89,703,114,1086,351,1285,150,1,1,761,676,2.61
JICT,2018-04-18,1308,821,487,1209,43,56,379,734,166,29,476,832,1212,73,22,1,469,839,2.28
JICT,2018-04-19,3238,2614,623,2846,240,152,900,1473,590,275,1191,2047,2623,560,55,0,1538,1700,2.67
JICT,2018-04-20,2293,1909,384,1992,218,83,778,405,1057,53,1701,592,2132,142,12,7,1176,1117,3.29
JICT,2018-04-21,2707,1941,766,2448,188,71,729,1039,829,110,1452,1255,2445,244,14,4,1794,913,2.42
JICT,2018-04-22,2047,1743,304,1872,115,60,588,637,608,214,1151,896,1689,299,52,7,441,1606,3.50
JICT,2018-04-23,1933,1208,725,1695,137,101,663,474,619,177,1160,773,1590,256,62,25,735,1198,3.12
JICT,2018-04-24,2919,2492,427,2508,319,92,1282,449,1057,131,2223,696,2617,260,23,19,1546,1373,2.80
JICT,2018-04-25,2830,1890,940,2596,107,127,1122,1109,518,81,1550,1280,2589,202,37,2,1241,1589,2.80
JICT,2018-04-26,2701,2226,475,2378,227,96,971,770,779,181,1675,1026,2395,283,21,2,1295,1406,3.16
JICT,2018-04-27,1922,1664,258,1614,228,80,548,349,883,142,1362,560,1564,355,3,0,801,1121,3.40
JICT,2018-04-28,3531,2663,868,3203,236,92,1181,901,1330,119,2453,1078,3291,195,36,9,2480,1051,2.98
JICT,2018-04-29,517,437,80,471,27,19,167,71,227,52,389,128,460,50,7,0,281,236,2.68
JICT,2018-04-30,1701,1412,289,1413,180,108,833,144,513,211,1295,406,1444,202,52,3,373,1328,4.01
JICT,2018-05-01,561,394,167,468,75,18,248,44,239,30,474,87,529,32,0,0,143,418,3.24
JICT,2018-05-02,2365,1185,1180,2135,93,137,530,1338,394,103,903,1462,1964,245,152,4,689,1676,3.05
JICT,2018-05-03,1664,1102,562,1431,187,46,570,437,545,112,1037,627,1538,115,11,0,889,775,3.28
JICT,2018-05-04,1412,1166,246,1272,98,42,374,297,570,171,906,506,1106,291,12,3,658,754,3.10
JICT,2018-05-05,2121,1527,594,1737,324,60,694,775,527,125,1160,961,1774,271,64,12,806,1315,4.55
JICT,2018-05-06,1604,1212,392,1370,188,46,467,495,505,137,935,669,1281,311,3,9,516,1088,4.29
JICT,2018-05-07,2105,1599,506,1897,135,73,809,531,610,155,1369,736,1689,328,60,28,555,1550,3.60
JICT,2018-05-08,2071,1664,407,1869,141,61,918,244,901,8,1740,331,2021,33,14,3,1244,827,2.92
JICT,2018-05-09,2186,1792,394,2045,78,63,581,908,610,87,1133,1053,1755,331,92,8,1120,1066,3.46
JICT,2018-05-10,2953,2173,780,2677,182,94,831,949,983,190,1710,1243,2676,185,82,10,1725,1228,3.14
JICT,2018-05-11,1301,1042,259,1100,148,53,502,314,438,47,895,406,1162,104,18,17,451,850,4.24
JICT,2018-05-12,2012,1513,499,1798,140,74,663,467,843,39,1447,565,1872,80,29,31,1070,942,3.55
JICT,2018-05-13,1261,1180,81,969,230,62,502,137,553,69,1005,256,1111,124,17,9,257,1004,4.68
JICT,2018-05-14,1158,570,588,1080,53,25,333,493,275,57,562,596,990,87,77,4,431,727,3.47
JICT,2018-05-15,1469,1123,346,1337,90,42,535,201,685,48,1157,312,1420,4,36,9,680,789,2.58
JICT,2018-05-16,2241,1337,903,2036,159,46,651,1000,505,85,1103,1138,2046,144,46,5,1145,1096,3.06
JICT,2018-05-17,1678,1171,507,1509,113,56,581,613,396,88,929,749,1507,123,48,0,784,894,3.57
JICT,2018-05-18,1786,1520,266,1518,178,90,744,323,686,33,1395,391,1686,50,27,23,1004,782,3.49
JICT,2018-05-19,1784,1458,326,1647,87,50,569,365,807,43,1344,440,1673,67,41,3,930,854,3.35
JICT,2018-05-20,802,512,289,755,23,24,218,341,215,28,406,396,642,120,32,8,198,604,3.53
JICT,2018-05-21,858,694,164,720,70,68,397,90,341,30,674,184,822,31,5,0,308,550,3.19
JICT,2018-05-22,1760,1306,454,1559,126,75,737,269,745,9,1444,316,1724,27,7,2,690,1070,3.38
JICT,2018-05-23,535,347,188,496,27,12,223,160,134,18,349,186,484,40,8,3,327,208,2.48
JICT,2018-05-24,2437,1754,683,2206,144,87,842,1075,486,34,1255,1182,2113,272,37,15,1196,1241,4.12
JICT,2018-05-25,1627,1258,369,1333,220,74,648,359,550,70,1154,473,1466,135,26,0,1013,614,4.25
JICT,2018-05-26,1957,1770,187,1580,291,86,793,533,611,20,1375,582,1741,197,10,9,906,1051,5.51
JICT,2018-05-27,608,467,141,519,58,31,188,179,209,32,385,223,481,82,45,0,159,449,10.47
JICT,2018-05-28,913,702,211,751,82,80,435,149,281,48,691,222,821,82,9,1,244,669,5.42
JICT,2018-05-29,866,724,142,698,134,34,395,80,324,67,709,157,854,8,4,0,452,414,4.28
JICT,2018-05-30,2301,1524,777,2163,86,52,828,938,487,48,1311,990,2092,151,58,0,641,1660,4.22
JICT,2018-05-31,1033,801,232,940,46,47,523,253,250,7,773,260,957,67,8,1,568,465,3.71
JICT,2018-06-01,1069,956,113,975,84,10,217,304,512,36,729,340,1025,29,14,1,194,875,4.10
JICT,2018-06-02,1262,963,299,1152,71,39,373,321,518,50,891,371,1203,37,20,2,186,1076,4.34
JICT,2018-06-03,1148,872,276,1091,29,28,388,400,270,90,658,490,889,173,80,6,278,870,4.43
JICT,2018-06-04,683,516,167,645,11,27,233,187,253,10,486,197,656,15,12,0,200,483,2.86
JICT,2018-06-05,1795,1460,335,1577,143,75,747,518,512,18,1259,536,1590,187,9,9,763,1032,2.61
JICT,2018-06-06,646,579,67,599,29,18,199,222,144,81,343,303,579,25,20,22,399,247,1.67
JICT,2018-06-07,1066,741,325,992,35,39,366,380,203,117,568,498,762,185,116,3,648,418,4.76
JICT,2018-06-08,826,668,158,786,31,9,284,361,122,59,406,420,628,151,42,5,359,467,30.12
JICT,2018-06-09,653,513,140,634,14,5,140,339,123,51,262,391,509,95,49,0,311,342,20.84
JICT,2018-06-10,715,486,229,692,10,13,222,245,212,36,434,281,571,109,34,1,296,419,8.73
JICT,2018-06-11,148,110,38,139,8,1,51,51,27,19,78,70,108,21,19,0,33,115,8.49
JICT,2018-06-13,94,77,17,86,6,2,63,21,4,6,66,28,92,1,1,0,0,94,11.04
JICT,2018-06-16,102,92,10,70,6,26,54,37,9,2,62,40,83,13,0,6,11,91,15.82
JICT,2018-06-17,759,505,254,681,40,38,318,179,243,19,554,205,685,55,16,3,20,739,9.17
JICT,2018-06-18,53,47,6,48,2,3,26,1,26,0,50,3,52,1,0,0,0,53,9.86
JICT,2018-06-21,1403,1272,131,1263,91,49,569,174,640,20,1190,213,1356,9,22,16,48,1355,7.37
JICT,2018-06-22,336,298,38,292,38,6,128,90,94,24,206,130,315,19,2,0,35,301,7.72
JICT,2018-06-23,969,876,93,909,44,16,335,380,201,53,523,446,797,147,25,0,132,837,31.11
JICT,2018-06-24,1151,848,303,955,173,23,461,286,302,102,745,406,940,182,29,0,109,1042,7.14
JICT,2018-06-25,946,810,136,812,78,56,497,222,221,6,694,252,922,15,0,9,123,823,5.33
JICT,2018-06-26,371,319,52,317,38,16,235,45,91,0,323,48,371,0,0,0,160,211,3.94
JICT,2018-06-27,1414,1233,181,1012,356,46,397,243,657,117,998,416,1227,111,72,4,345,1069,4.91
JICT,2018-06-28,1874,1526,348,1640,188,46,833,532,433,76,1236,638,1791,69,10,4,217,1657,4.90
JICT,2018-06-29,1626,1395,231,1349,214,63,799,190,579,58,1339,287,1473,100,3,50,509,1117,4.71
JICT,2018-06-30,3106,2449,657,2609,352,145,1436,677,930,63,2289,817,2912,147,44,3,920,2186,6.49
JICT,2018-07-01,2463,1754,709,2243,133,87,876,876,617,94,1447,1016,2111,246,106,0,399,2064,5.56
JICT,2018-07-02,794,598,196,703,53,38,546,98,149,1,637,157,780,9,1,4,292,502,3.65
JICT,2018-07-03,1605,1239,366,1311,216,78,1026,208,323,48,1293,312,1492,77,34,2,397,1208,4.24
JICT,2018-07-04,2446,2012,434,2152,240,54,775,991,534,146,1267,1179,1847,474,125,0,966,1480,3.93
JICT,2018-07-05,1856,1448,408,1673,136,47,734,665,396,61,1083,773,1648,169,36,3,868,988,8.25
JICT,2018-07-06,2752,2305,447,2255,352,145,1445,231,1000,76,2325,427,2654,83,5,10,1267,1485,4.50
JICT,2018-07-07,1962,1589,373,1789,127,46,776,497,657,32,1405,557,1770,171,21,0,882,1080,8.62
JICT,2018-07-08,1019,505,514,968,44,7,216,502,199,102,393,626,709,274,34,2,113,906,4.35
JICT,2018-07-09,1772,1489,283,1591,95,86,663,715,348,46,934,838,1437,272,60,3,360,1412,20.62
JICT,2018-07-10,2047,1666,381,1737,214,96,971,192,816,68,1724,323,1928,109,10,0,549,1498,4.27
JICT,2018-07-11,2874,2042,832,2480,271,123,1201,811,808,54,1842,1032,2536,272,35,31,1034,1840,3.46
JICT,2018-07-12,1620,1277,343,1429,140,51,628,373,588,31,1124,496,1575,31,14,0,1070,550,2.12
JICT,2018-07-13,1265,1112,153,980,206,79,414,246,561,44,906,359,1189,55,9,12,700,565,4.97
JICT,2018-07-14,3450,2753,697,2964,315,171,1100,1095,1174,81,2193,1257,3111,306,31,2,1622,1828,7.11
JICT,2018-07-15,1572,828,744,1474,67,31,311,969,244,48,537,1035,1284,262,26,0,191,1381,10.45
JICT,2018-07-16,2083,1694,389,1752,253,78,820,286,865,112,1567,516,1938,120,7,18,804,1279,2.88
JICT,2018-07-17,1604,1352,252,1396,153,55,769,159,656,20,1381,223,1532,49,19,4,775,829,2.63
JICT,2018-07-18,2211,1282,929,2058,120,33,625,1092,481,13,1066,1145,1892,268,47,4,933,1278,3.88
JICT,2018-07-19,1941,1626,315,1604,182,155,881,217,773,70,1602,339,1791,116,28,6,776,1165,3.19
JICT,2018-07-20,1649,1454,195,1425,159,65,688,182,752,27,1296,353,1526,90,23,10,751,898,3.40
JICT,2018-07-21,2020,1733,287,1731,197,92,708,415,856,41,1488,532,1902,87,30,1,840,1180,4.04
JICT,2018-07-22,1693,1026,667,1422,191,80,669,570,341,113,974,719,1464,179,50,0,364,1329,3.63
JICT,2018-07-23,892,665,227,736,97,59,420,197,233,42,611,281,810,79,3,0,206,686,2.90
JICT,2018-07-24,1951,1634,314,1740,145,66,798,424,689,40,1391,560,1934,14,3,0,894,1057,2.94
JICT,2018-07-25,2853,1900,953,2680,101,72,721,1598,459,75,1119,1734,2392,415,43,3,1412,1441,2.64
JICT,2018-07-26,2136,1791,345,1885,174,77,808,330,909,89,1666,470,2004,105,26,1,1096,1040,2.67
JICT,2018-07-27,1863,1610,253,1460,191,212,871,175,729,88,1563,300,1745,114,4,0,981,882,3.41
JICT,2018-07-28,2621,2262,359,2302,208,111,941,842,693,145,1607,1014,2286,271,59,5,878,1743,4.49
JICT,2018-07-29,2490,1722,768,2296,151,43,546,974,876,94,1398,1092,2160,271,57,2,485,2005,4.01
JICT,2018-07-30,864,672,192,738,94,32,357,160,304,43,659,205,735,97,32,0,310,554,2.64
JICT,2018-07-31,1625,1258,367,1369,174,82,775,188,638,24,1411,214,1611,12,1,1,702,923,2.98
JICT,2018-08-01,1787,1255,532,1675,60,52,615,821,289,62,904,883,1529,203,50,5,779,1008,2.61
JICT,2018-08-02,1606,1226,380,1437,130,39,635,263,688,20,1323,283,1525,73,4,4,889,717,2.21
JICT,2018-08-03,2773,2159,614,2319,331,123,1030,638,1020,85,2050,723,2578,167,16,12,1442,1331,3.69
JICT,2018-08-04,3395,2918,477,2896,290,209,1314,555,1493,33,2807,588,3249,107,34,5,1756,1639,3.61
JICT,2018-08-05,1050,447,603,1031,16,3,75,627,277,71,352,698,802,159,89,0,226,824,2.93
JICT,2018-08-06,752,653,99,621,65,66,384,179,180,9,564,188,721,24,7,0,200,552,3.09
JICT,2018-08-07,1397,965,432,1319,51,27,637,268,441,51,1078,319,1371,23,0,3,414,983,2.33
JICT,2018-08-08,1295,1125,170,1047,223,25,470,261,363,201,833,462,993,251,33,18,538,757,3.17
JICT,2018-08-09,1773,1396,377,1599,117,57,622,698,374,79,996,777,1653,67,49,4,878,895,2.57
JICT,2018-08-10,1424,1298,124,1116,207,101,547,54,753,70,1300,124,1337,74,5,8,531,893,4.30
JICT,2018-08-11,2222,1600,595,2024,113,85,716,777,666,63,1382,840,1956,172,74,20,643,1579,3.65
JICT,2018-08-12,1371,745,626,1307,39,25,303,628,388,52,691,680,1201,110,60,0,285,1086,2.84
JICT,2018-08-13,1779,1484,295,1523,185,71,716,190,734,139,1450,329,1569,183,27,0,475,1304,3.19
JICT,2018-08-14,2419,1879,538,2100,201,118,1116,398,746,159,1862,557,2330,62,25,2,787,1632,3.98
JICT,2018-08-15,2568,2043,524,2259,219,90,912,946,644,66,1556,1012,2257,251,52,8,1370,1198,3.85
JICT,2018-08-16,1844,1539,303,1603,167,74,617,560,501,166,1118,726,1565,253,26,0,1074,770,3.76
JICT,2018-08-17,2735,1981,748,2318,348,69,779,930,945,81,1724,1011,2468,237,30,0,1268,1467,3.93
JICT,2018-08-18,1482,1253,229,1301,118,63,495,293,679,15,1174,308,1366,97,19,0,226,1256,5.04
JICT,2018-08-19,1803,899,902,1656,103,44,423,833,374,173,797,1006,1495,235,73,0,158,1645,4.26
JICT,2018-08-20,2087,1712,375,1768,219,100,918,417,651,101,1567,520,1926,93,31,37,738,1349,4.01
JICT,2018-08-21,1843,1540,303,1576,177,90,818,332,623,70,1441,402,1642,181,7,13,867,976,4.04
JICT,2018-08-22,1019,784,235,944,49,26,247,603,105,64,352,667,718,259,42,0,264,755,3.63
JICT,2018-08-23,1903,1572,331,1652,154,97,698,598,590,17,1288,615,1812,70,8,13,579,1324,3.58
JICT,2018-08-24,1769,1302,466,1498,194,77,475,651,555,88,1030,739,1438,316,15,0,666,1103,3.37
JICT,2018-08-25,3283,2715,568,2891,312,80,900,1041,1233,109,2133,1150,3069,145,69,0,867,2416,4.48
JICT,2018-08-26,1927,1121,806,1804,82,41,382,1113,313,119,695,1232,1458,291,156,22,412,1515,3.81
JICT,2018-08-27,491,319,172,399,80,12,142,178,161,10,303,188,431,34,26,0,131,360,3.87
JICT,2018-08-28,1751,1499,252,1440,226,85,797,150,710,94,1507,244,1670,72,9,0,803,948,2.76
JICT,2018-08-29,1994,1374,620,1774,131,89,410,1047,471,66,881,1113,1748,196,42,8,851,1143,2.25
JICT,2018-08-30,1279,1048,231,1072,71,136,489,388,342,60,831,448,1269,8,0,2,842,437,2.18
JICT,2018-08-31,2147,1526,621,1875,184,88,777,759,596,15,1373,774,1956,172,16,3,1159,988,2.75
JICT,2018-09-01,1501,1008,493,1341,104,56,442,293,439,327,881,620,1334,158,9,0,602,899,2.85
JICT,2018-09-02,1327,448,879,1271,41,15,221,765,241,100,462,865,1123,143,61,0,188,1139,2.64
JICT,2018-09-03,135,82,53,123,0,12,27,48,19,41,46,89,73,23,39,0,3,132,3.05
JICT,2018-09-04,474,365,109,427,27,20,268,62,131,13,399,75,470,4,0,0,224,250,2.14
JICT,2018-09-05,2328,1755,573,2022,215,91,802,531,854,141,1656,672,1957,304,56,11,915,1413,2.83
JICT,2018-09-06,2136,1700,436,1737,253,146,969,351,768,48,1737,399,2038,84,9,5,994,1142,3.09
JICT,2018-09-07,1951,1519,432,1654,252,45,591,717,472,171,1063,888,1622,317,12,0,1126,825,2.55
JICT,2018-09-08,3526,2892,634,3246,177,103,935,1477,1084,30,2019,1507,3194,292,40,0,1637,1889,3.96
JICT,2018-09-09,1688,715,973,1530,137,21,439,745,427,77,866,822,1477,112,99,0,488,1200,3.28
JICT,2018-09-10,881,759,122,739,111,31,360,221,268,32,628,253,794,87,0,0,407,474,4.04
JICT,2018-09-11,2070,1799,271,1596,295,179,972,301,726,71,1698,372,1960,82,23,5,875,1195,4.32
JICT,2018-09-12,2194,1522,672,1959,167,68,467,1237,398,92,865,1329,1712,432,50,0,784,1410,3.52
JICT,2018-09-13,2358,1896,461,2051,221,86,1084,490,753,31,1837,521,2243,82,25,8,1079,1279,3.40
JICT,2018-09-14,1834,1278,556,1697,82,55,767,710,311,46,1078,756,1728,67,39,0,1073,761,2.33
JICT,2018-09-15,3263,2618,645,2876,285,102,1060,1225,711,267,1771,1492,2759,448,53,3,1478,1785,3.64
JICT,2018-09-16,2203,1213,990,2010,121,72,397,1122,539,145,936,1267,1692,375,136,0,564,1639,3.39
JICT,2018-09-17,1276,752,524,1117,102,57,415,463,380,18,795,481,1168,57,51,0,331,945,2.90
JICT,2018-09-18,1354,1198,156,1101,163,90,605,247,475,27,1080,274,1168,108,0,78,469,885,3.57
JICT,2018-09-19,2258,1665,593,1903,247,108,974,580,527,177,1501,757,2040,212,6,0,1358,900,2.38
JICT,2018-09-20,1726,1389,337,1475,167,84,882,324,484,36,1366,360,1659,47,2,18,908,818,2.53
JICT,2018-09-21,1485,997,488,1410,53,22,157,1190,88,50,245,1240,1323,124,37,1,1047,438,1.86
JICT,2018-09-22,2453,1807,646,2170,182,101,832,1103,375,143,1207,1246,2206,190,55,2,1018,1435,3.33
JICT,2018-09-23,1668,746,922,1532,88,48,278,925,390,75,668,1000,1441,174,53,0,206,1462,2.89
JICT,2018-09-24,931,733,198,784,107,40,426,167,279,59,705,226,861,59,9,2,157,774,3.28
JICT,2018-09-25,782,600,182,631,83,68,390,181,208,3,598,184,751,26,4,1,286,496,2.81
JICT,2018-09-26,924,715,209,858,40,26,308,359,219,38,527,397,856,45,23,0,395,529,2.53
JICT,2018-09-27,1463,1315,148,1236,180,47,656,207,566,34,1222,241,1316,137,10,0,428,1035,3.92
JICT,2018-09-28,2722,1779,943,2449,195,78,695,1363,564,100,1259,1463,2425,214,71,12,1598,1124,2.51
JICT,2018-09-29,924,721,203,890,20,14,121,672,122,9,243,681,822,86,16,0,734,190,1.57
JICT,2018-09-30,2886,1489,1397,2662,170,54,907,1330,392,257,1299,1587,2503,302,80,1,356,2530,2.92
JICT,2018-10-01,3288,2352,936,3037,160,91,863,1289,784,352,1647,1641,2927,173,180,8,666,2622,2.58
JICT,2018-10-02,2677,2336,341,2212,295,170,1187,552,894,44,2081,596,2510,142,9,16,1138,1539,2.89
JICT,2018-10-03,1165,855,310,1035,74,56,437,390,328,10,765,400,1007,151,7,0,661,504,2.20
JICT,2018-10-04,2765,2122,643,2370,249,146,950,713,988,114,1938,827,2580,116,52,17,1246,1519,2.74
JICT,2018-10-05,1639,1428,211,1336,212,91,643,387,530,79,1173,466,1564,74,1,0,950,689,2.89
JICT,2018-10-06,4046,2995,1051,3548,316,182,1154,1688,946,258,2100,1946,3503,492,47,4,1700,2346,3.24
JICT,2018-10-07,572,360,212,497,50,25,325,156,81,10,406,166,558,12,0,2,175,397,2.86
JICT,2018-10-08,2465,1395,1070,2221,140,104,799,1114,460,92,1259,1206,2169,215,81,0,860,1605,2.46
JICT,2018-10-09,1875,1317,558,1636,154,85,798,267,756,54,1554,321,1783,90,1,1,920,955,2.69
JICT,2018-10-10,4121,2225,1895,3861,201,59,533,3182,359,47,892,3229,3930,147,41,3,2503,1618,2.20
JICT,2018-10-11,2116,1804,312,1720,294,102,892,261,769,194,1661,455,1915,190,11,0,776,1340,3.40
JICT,2018-10-12,2449,1642,807,2239,114,96,628,955,786,80,1414,1035,2242,182,21,4,1528,921,1.88
JICT,2018-10-13,2923,2106,817,2514,263,146,977,1065,798,83,1775,1148,2754,106,38,25,1590,1333,2.79
JICT,2018-10-14,17,10,7,15,1,1,11,0,6,0,17,0,17,0,0,0,0,17,2.98
JICT,2018-10-15,1023,808,215,670,295,58,457,65,491,10,948,75,1020,2,1,0,298,725,3.12
JICT,2018-10-16,592,307,285,535,40,17,193,43,356,0,549,43,587,3,2,0,108,484,2.57
JICT,2018-10-17,1258,680,578,1239,7,12,52,1077,104,25,156,1102,1087,139,32,0,411,847,2.13
JICT,2018-10-18,1318,1180,138,1108,162,48,543,238,436,101,979,339,1073,204,1,40,783,535,2.34
JICT,2018-10-19,1422,796,626,1304,88,30,299,773,236,114,535,887,1276,99,46,1,1027,395,2.04
JICT,2018-10-20,2963,2157,806,2752,128,83,876,1430,563,94,1439,1524,2757,115,91,0,1735,1228,2.47
JICT,2018-10-21,2555,1475,1080,2354,154,47,544,1461,392,158,936,1619,2100,363,84,8,453,2102,2.35
JICT,2018-10-22,1600,1038,562,1366,193,41,778,473,261,88,1039,561,1402,162,34,2,491,1109,2.32
JICT,2018-10-23,1590,1201,389,1359,154,77,857,113,575,45,1432,158,1541,13,6,30,727,863,1.91
JICT,2018-10-24,3233,1979,1254,3043,87,103,355,2485,286,107,641,2592,2868,283,80,2,1353,1880,1.68
JICT,2018-10-25,1766,1418,348,1438,168,160,862,228,623,53,1485,281,1697,28,8,33,913,853,2.53
JICT,2018-10-26,2369,1341,1028,2171,127,71,584,1492,222,71,806,1563,2083,265,16,5,1480,889,1.84
JICT,2018-10-27,2164,1659,505,1900,204,60,549,963,624,28,1173,991,2043,111,10,0,1274,890,2.41
JICT,2018-10-28,1029,478,551,920,47,62,292,438,243,56,535,494,898,76,41,14,438,591,2.07
JICT,2018-10-29,944,492,452,779,146,19,263,406,174,101,437,507,813,116,15,0,372,572,2.00
JICT,2018-10-30,2211,1824,386,1744,317,150,1102,267,754,88,1856,355,2164,32,5,10,928,1283,2.74
JICT,2018-10-31,1961,1152,808,1812,105,44,631,894,383,53,1014,947,1836,91,14,20,1261,700,1.87
JICT,2018-11-01,1881,1250,631,1751,85,45,698,908,255,20,953,928,1762,85,22,12,1025,856,1.82
JICT,2018-11-02,45,19,26,43,1,1,8,25,1,11,9,36,9,25,11,0,2,43,1.88
JICT,2018-11-03,2791,2359,432,2293,353,145,1053,559,846,333,1899,892,2397,326,62,6,734,2057,3.96
JICT,2018-11-04,1425,1183,242,1291,87,47,394,718,288,25,682,743,1333,67,23,2,343,1082,4.09
JICT,2018-11-05,2092,1146,946,1849,169,74,672,809,423,188,1095,997,1888,105,97,2,599,1493,2.42
JICT,2018-11-06,3878,2065,1790,3689,141,48,732,2454,572,120,1304,2574,3451,312,96,19,2203,1675,2.17
JICT,2018-11-07,2598,1525,1070,2454,81,63,573,1650,287,88,860,1738,2299,271,26,2,1473,1125,2.11
JICT,2018-11-08,1494,1253,239,1272,142,80,611,296,487,100,1098,396,1337,91,4,62,1122,372,1.78
JICT,2018-11-09,1197,863,326,1046,93,58,422,383,355,37,777,420,1137,41,19,0,726,471,2.95
JICT,2018-11-10,2781,2188,592,2456,227,98,1013,957,592,219,1605,1176,2533,82,166,0,1698,1083,2.81
JICT,2018-11-11,1326,1007,319,1173,121,32,561,464,150,151,711,615,1159,150,17,0,349,977,2.64
JICT,2018-11-12,2269,1134,1135,2159,50,60,666,1229,271,103,937,1332,1946,279,42,2,743,1526,2.17
JICT,2018-11-13,2930,2272,657,2557,255,118,1120,663,1028,119,2148,782,2761,126,12,31,1790,1140,1.85
JICT,2018-11-14,2881,2227,654,2540,248,93,1140,811,715,215,1855,1026,2559,237,7,78,1732,1149,1.87
JICT,2018-11-15,2188,1443,745,2083,53,52,767,619,725,77,1492,696,2093,61,34,0,1635,553,1.61
JICT,2018-11-16,857,431,426,815,39,3,211,487,128,31,339,518,817,35,2,3,570,287,2.79
JICT,2018-11-17,2904,1964,940,2852,42,10,512,1879,453,60,964,1940,2717,134,53,0,2015,889,2.36
JICT,2018-11-18,1081,575,506,1041,30,10,200,755,93,33,293,788,1014,61,6,0,181,900,1.81
JICT,2018-11-19,682,479,203,509,172,1,217,173,182,110,399,283,510,126,18,28,188,494,4.21
JICT,2018-11-20,1073,904,168,767,274,32,615,138,291,29,906,167,1013,47,9,4,490,583,4.92
JICT,2018-11-21,482,357,125,410,67,5,190,155,71,66,261,221,369,96,8,9,48,434,6.48
JICT,2018-11-22,466,435,31,359,95,12,306,47,111,2,417,49,459,5,0,2,90,376,6.69
JICT,2018-11-23,1303,1040,263,1184,85,34,453,565,224,61,677,626,1200,47,53,3,321,982,4.65
JICT,2018-11-24,2042,1754,288,1930,96,16,786,843,355,58,1141,901,1913,98,25,6,600,1442,4.20
JICT,2018-11-25,1656,833,823,1510,134,12,353,879,227,197,579,1077,1257,324,74,1,310,1346,2.68
JICT,2018-11-26,1062,763,299,932,118,12,409,317,218,118,627,435,887,164,3,8,349,713,2.75
JICT,2018-11-27,2629,2088,541,2426,183,20,1467,410,693,59,2160,469,2486,77,17,49,1123,1506,2.46
JICT,2018-11-28,2142,1409,733,2094,37,11,512,1152,359,119,871,1271,1842,231,26,43,1011,1131,1.98
JICT,2018-11-29,1965,1655,310,1754,166,45,1063,433,463,6,1526,439,1935,26,2,2,733,1232,3.21
JICT,2018-11-30,1515,860,655,1475,40,0,263,1017,186,49,447,1068,1443,44,28,0,747,768,2.24
JICT,2018-12-01,1219,1004,215,1175,40,4,547,295,369,8,916,303,1171,32,16,0,547,672,3.41
JICT,2018-12-02,2220,1011,1209,1973,232,15,423,1327,239,231,662,1558,1756,385,75,4,553,1667,2.90
JICT,2018-12-03,1928,1577,351,1791,106,31,769,448,665,46,1434,494,1721,172,33,2,409,1519,2.66
JICT,2018-12-04,3164,2649,515,2795,354,15,1436,449,1076,203,2512,652,2789,371,0,4,1472,1692,2.35
JICT,2018-12-05,2716,2206,510,2540,175,1,1041,689,884,102,1925,791,2529,121,7,59,1652,1064,2.00
JICT,2018-12-06,3740,2921,819,3635,93,12,594,2708,343,95,937,2803,3367,232,81,60,2835,905,1.79
JICT,2018-12-07,2816,1846,970,2691,121,4,767,1572,382,95,1149,1667,2657,94,61,4,1575,1241,2.05
JICT,2018-12-08,4795,4034,761,4377,384,34,1720,1233,1454,388,3174,1621,4181,465,44,105,2552,2243,2.95
JICT,2018-12-09,1163,990,173,1081,80,2,433,270,393,67,826,337,1001,160,1,1,429,734,2.96
JICT,2018-12-10,2726,1839,886,2580,135,11,781,1115,562,268,1343,1383,2361,327,35,3,649,2077,2.45
JICT,2018-12-11,2266,1928,338,2042,210,14,894,229,997,146,1891,375,2102,92,26,46,1330,936,2.11
JICT,2018-12-12,1930,1682,248,1855,70,5,550,956,354,70,904,1026,1823,65,41,1,1236,694,2.23
JICT,2018-12-13,2526,1473,1053,2399,112,15,723,1205,445,153,1168,1358,2376,83,51,16,1391,1135,1.91
JICT,2018-12-14,974,743,231,916,54,4,225,277,402,70,627,347,893,53,26,2,500,474,3.23
JICT,2018-12-15,2510,2025,485,2323,186,1,832,791,733,154,1565,945,2261,212,33,4,1123,1387,3.00
JICT,2018-12-16,635,504,131,611,24,0,200,319,100,16,300,335,608,17,10,0,322,313,2.10
JICT,2018-12-17,2391,1519,872,2215,172,4,783,959,443,206,1226,1165,2031,244,115,1,858,1533,1.97
JICT,2018-12-18,1670,887,783,1571,95,4,290,981,289,110,579,1091,1400,238,27,5,928,742,2.41
JICT,2018-12-19,2163,1518,645,1958,181,24,356,1440,258,109,614,1549,1939,160,63,1,956,1207,3.01
JICT,2018-12-20,1392,1210,182,1180,205,7,691,101,508,92,1199,193,1306,82,1,3,739,653,4.02
JICT,2018-12-21,1941,1650,291,1612,323,6,634,444,619,244,1253,688,1578,340,13,10,890,1051,4.41
JICT,2018-12-22,2316,1537,779,2086,213,17,554,818,742,202,1296,1020,2042,248,24,2,1253,1063,3.43
JICT,2018-12-23,1538,1366,172,1368,170,0,466,495,402,175,868,670,1331,168,28,11,450,1088,4.76
JICT,2018-12-24,2539,2024,515,2357,179,3,785,696,891,167,1669,870,2052,350,106,31,720,1819,3.84
JICT,2018-12-25,1514,1276,238,1334,177,3,539,199,573,203,1112,402,1462,48,3,1,405,1109,3.73
JICT,2018-12-26,1574,1382,192,1507,63,4,256,849,319,150,575,999,1271,230,55,18,617,957,2.63
JICT,2018-12-27,200,190,10,195,5,0,31,147,15,7,46,154,191,8,1,0,166,34,1.85
JICT,2018-12-28,852,727,125,711,135,6,389,139,238,86,627,225,767,53,10,22,304,548,6.11
JICT,2018-12-29,1425,1060,365,1351,73,1,425,563,386,51,811,614,1187,231,7,0,561,864,4.52
JICT,2018-12-30,306,203,103,266,40,0,137,105,38,26,175,131,266,33,7,0,59,247,5.55
JICT,2018-12-31,1847,1167,680,1693,147,7,788,630,414,15,1202,645,1761,38,46,2,443,1404,4.24
JICT,2019-01-01,1062,855,207,922,130,10,470,82,373,137,843,219,1011,27,10,14,200,862,4.39
JICT,2019-01-02,1864,1403,461,1671,166,27,508,924,376,56,884,980,1590,228,40,6,205,1659,3.78
JICT,2019-01-03,1090,861,229,934,134,22,648,206,233,3,881,209,1010,79,1,0,259,831,4.80
JICT,2019-01-04,914,786,128,816,96,2,369,213,310,22,679,235,771,143,0,0,203,711,4.75
JICT,2019-01-05,1559,1296,263,1443,61,55,566,453,525,15,1091,468,1382,166,11,0,660,899,3.75
JICT,2019-01-06,729,549,180,669,53,7,243,237,241,8,484,245,711,12,6,0,178,551,2.78
JICT,2019-01-07,2378,1701,676,2216,144,18,1131,470,734,43,1865,513,2259,82,17,20,642,1736,3.11
JICT,2019-01-08,1409,814,594,1342,66,1,510,530,317,52,827,582,1297,64,48,0,692,717,2.10
JICT,2019-01-09,127,114,13,112,13,2,53,7,67,0,120,7,120,7,0,0,59,68,2.44
JICT,2019-01-10,468,373,95,384,84,0,199,20,244,5,443,25,456,0,0,12,304,164,2.16
JICT,2019-01-11,1761,1357,404,1539,204,18,701,383,651,26,1352,409,1573,179,3,6,739,1022,4.15
JICT,2019-01-12,2509,1984,525,2388,116,5,818,472,1191,28,2009,500,2355,152,1,1,1295,1214,3.33
JICT,2019-01-13,1522,1369,153,1354,139,29,661,183,662,16,1323,199,1496,24,2,0,306,1216,3.30
JICT,2019-01-14,2514,1681,833,2414,95,5,763,736,990,25,1753,761,2322,139,41,12,917,1597,2.03
JICT,2019-01-15,2074,1477,596,2009,60,5,795,504,691,84,1486,588,2026,24,24,0,1024,1050,1.87
JICT,2019-01-16,2267,1824,443,2185,75,7,581,849,678,159,1259,1008,1867,225,65,110,883,1384,2.03
JICT,2019-01-17,493,385,108,386,104,3,209,129,113,42,322,171,428,65,0,0,233,260,3.69
JICT,2019-01-18,1906,1453,453,1753,149,4,566,443,804,93,1370,536,1668,230,0,8,928,978,3.10
JICT,2019-01-19,973,757,216,964,9,0,300,292,350,31,650,323,960,12,1,0,638,335,2.26
JICT,2019-01-20,1151,604,547,1138,13,0,297,610,209,35,506,645,1099,16,32,4,271,880,2.36
JICT,2019-01-21,1544,1248,296,1470,65,9,783,412,334,15,1117,427,1503,18,13,10,421,1123,1.82
JICT,2019-01-22,1367,821,546,1299,67,1,424,415,396,132,820,547,1173,55,21,118,698,669,1.59
JICT,2019-01-23,2822,2119,702,2658,150,14,853,927,991,51,1834,988,2663,148,10,1,1511,1311,2.04
JICT,2019-01-24,1280,1016,264,1120,150,10,499,354,377,50,876,404,1221,16,7,36,590,690,2.49
JICT,2019-01-25,1671,1248,423,1549,117,5,722,350,591,8,1313,358,1583,79,6,3,1091,580,2.04
JICT,2019-01-26,3160,2574,586,2973,169,18,1038,713,1166,243,2204,956,2826,298,12,24,1000,2160,3.14
JICT,2019-01-27,1497,1282,215,1297,194,6,522,244,699,32,1221,276,1311,183,3,0,490,1007,2.86
JICT,2019-01-28,481,432,48,432,38,11,260,52,160,9,420,61,468,3,10,0,210,271,2.11
JICT,2019-01-29,1732,1517,215,1562,153,17,835,169,691,37,1526,206,1667,11,6,48,755,977,2.23
JICT,2019-01-30,2111,1453,658,2038,70,3,787,985,299,40,1086,1025,1874,207,30,0,976,1135,1.80
JICT,2019-01-31,1010,741,269,974,33,3,448,308,246,8,694,316,988,18,4,0,533,477,1.72
JICT,2019-02-01,2148,1400,748,2052,79,17,771,766,566,45,1331,817,2056,71,21,0,1223,925,2.24
JICT,2019-02-02,2813,2273,540,2450,341,22,1259,630,872,52,2126,687,2522,223,6,62,1256,1557,4.09
JICT,2019-02-03,1977,1301,676,1876,63,38,891,532,507,47,1398,579,1891,48,29,9,421,1556,3.35
JICT,2019-02-04,1167,586,581,1116,49,2,370,503,286,8,656,511,1097,66,4,0,401,766,3.10
JICT,2019-02-05,2220,1759,460,2043,168,9,1030,215,790,185,1820,400,2160,36,1,23,601,1619,3.04
JICT,2019-02-06,1259,804,455,1169,70,20,260,784,131,84,391,868,888,358,13,0,163,1096,2.93
JICT,2019-02-07,2931,2392,539,2702,199,30,1305,597,988,41,2293,638,2901,30,0,0,1457,1474,2.63
JICT,2019-02-08,1400,1003,397,1336,52,12,433,633,317,17,750,650,1132,239,29,0,880,520,2.61
JICT,2019-02-09,2422,1848,574,2255,139,28,806,834,723,59,1529,893,2078,283,52,9,1276,1146,2.95
JICT,2019-02-10,1283,599,684,1247,35,1,327,751,184,21,511,772,1054,159,69,1,345,938,2.61
JICT,2019-02-11,1218,944,274,1135,76,7,584,227,379,28,963,255,1138,61,15,4,487,731,2.48
JICT,2019-02-12,1006,793,213,922,83,1,493,183,327,3,820,186,946,36,0,24,517,489,2.08
JICT,2019-02-13,1643,831,812,1580,49,14,288,948,284,123,572,1071,1087,476,80,0,522,1121,2.21
JICT,2019-02-14,14,6,8,14,0,0,8,6,0,0,8,6,8,6,0,0,7,7,3.28
JICT,2019-02-15,2279,1709,568,2172,102,5,610,939,729,1,1339,940,1920,293,26,40,1201,1078,2.34
JICT,2019-02-16,1626,698,928,1578,48,0,421,774,372,59,793,833,1409,162,55,0,963,663,2.18
JICT,2019-02-17,1721,863,858,1628,91,2,312,930,437,42,749,972,1479,193,49,0,338,1383,2.70
JICT,2019-02-18,1403,892,511,1316,86,1,515,397,474,17,989,414,1284,86,29,4,433,970,2.08
JICT,2019-02-19,1951,1623,328,1715,229,7,831,275,734,111,1565,386,1690,153,2,106,988,963,2.25
JICT,2019-02-20,2081,1162,919,1992,78,11,449,1065,469,98,918,1163,1831,221,29,0,924,1157,2.29
JICT,2019-02-21,1150,887,263,1007,108,35,493,153,487,17,980,170,1099,51,0,0,622,528,2.12
JICT,2019-02-22,567,192,375,551,12,4,46,465,17,39,63,504,483,57,27,0,301,266,1.87
JICT,2019-02-23,2755,1975,780,2673,76,6,491,1592,525,147,1016,1739,2366,229,160,0,1242,1513,3.18
JICT,2019-02-24,1262,480,782,1236,26,0,178,871,189,24,367,895,978,207,77,0,351,911,2.32
JICT,2019-02-25,1204,585,618,1188,15,1,461,600,134,9,595,609,1021,119,19,45,538,666,1.92
JICT,2019-02-26,677,493,182,655,21,1,337,59,223,58,560,117,670,6,0,1,426,251,1.28
JICT,2019-02-27,945,613,332,935,9,1,245,580,95,25,340,605,598,296,51,0,143,802,2.81
JICT,2019-02-28,1753,1538,215,1580,172,1,616,653,473,11,1089,664,1528,224,1,0,942,811,2.06
JICT,2019-03-01,1244,692,552,1174,68,2,331,554,287,72,618,626,1106,133,3,2,674,570,2.65
JICT,2019-03-02,1169,723,446,1104,62,3,327,460,259,123,586,583,907,162,10,90,732,437,2.60
JICT,2019-03-03,1765,740,1025,1732,29,4,482,975,268,40,750,1015,1569,162,34,0,462,1303,2.24
JICT,2019-03-04,1413,733,680,1364,46,3,508,629,233,43,741,672,1327,65,21,0,227,1186,2.42
JICT,2019-03-05,1815,1388,427,1734,67,14,812,239,749,15,1561,254,1681,16,11,107,904,911,2.38
JICT,2019-03-06,2013,1176,837,1969,42,2,611,876,450,76,1061,952,1873,111,25,4,1374,639,1.81
JICT,2019-03-07,738,592,146,727,11,0,320,283,125,10,445,293,710,21,0,7,308,430,2.38
JICT,2019-03-08,3194,2482,712,3061,104,29,1201,826,1045,122,2246,948,2711,457,19,7,897,2297,3.10
JICT,2019-03-09,1903,1410,493,1841,62,0,645,766,424,68,1069,834,1730,127,36,10,659,1244,3.12
JICT,2019-03-10,2645,1749,894,2587,45,13,648,1441,519,37,1167,1478,2072,526,43,4,472,2173,3.23
JICT,2019-03-11,2230,1305,924,2133,89,8,725,996,402,107,1127,1103,1961,169,96,4,698,1532,2.39
JICT,2019-03-12,3251,2071,1180,3150,47,54,901,1322,818,210,1719,1532,2904,269,66,12,1769,1482,1.95
JICT,2019-03-13,2448,2026,422,2348,94,6,801,381,1102,164,1903,545,2218,76,10,144,1594,854,1.97
JICT,2019-03-14,2078,1543,535,1900,145,33,749,702,567,60,1316,762,1783,268,12,15,1037,1041,2.72
JICT,2019-03-15,1500,1060,439,1364,116,20,496,477,451,76,947,553,1345,140,15,0,753,747,2.77
JICT,2019-03-16,1955,1351,604,1871,80,4,659,802,433,61,1092,863,1874,73,8,0,1114,841,2.64
JICT,2019-03-17,1258,766,489,1204,53,1,563,442,239,14,802,456,1229,29,0,0,341,917,2.31
JICT,2019-03-18,2240,1297,943,2117,96,27,755,906,410,169,1165,1075,1929,135,116,60,804,1436,2.21
JICT,2019-03-19,1563,1186,377,1441,118,4,617,268,545,133,1162,401,1383,24,25,131,747,816,2.12
JICT,2019-03-20,2204,1710,494,2151,45,8,740,923,504,37,1244,960,1987,135,82,0,1084,1120,1.83
JICT,2019-03-21,1703,1239,464,1550,136,17,677,172,793,61,1470,233,1623,71,1,8,920,783,2.40
JICT,2019-03-22,1365,831,534,1310,52,3,458,393,455,59,913,452,1234,113,16,2,893,472,2.11
JICT,2019-03-23,2922,1947,975,2737,129,56,867,1095,645,315,1512,1410,2652,188,77,5,1701,1221,2.70
JICT,2019-03-24,1103,860,243,1041,49,13,412,373,313,5,725,378,1002,100,1,0,225,878,2.73
JICT,2019-03-25,2586,1596,990,2413,128,45,948,1060,500,78,1448,1138,2280,250,46,10,915,1671,2.08
JICT,2019-03-26,1188,962,226,1081,99,8,569,157,430,32,999,189,1142,5,16,25,673,515,2.21
JICT,2019-03-27,1924,1157,767,1837,74,13,337,999,444,144,781,1143,1677,139,33,75,821,1103,1.70
JICT,2019-03-28,1745,1368,377,1578,108,59,876,388,477,4,1353,392,1698,7,0,40,707,1038,2.43
JICT,2019-03-29,2192,1358,834,2063,122,7,583,681,893,35,1476,716,1992,174,21,5,1306,886,2.63
JICT,2019-03-30,2016,1595,421,1863,137,16,628,666,558,164,1186,830,1755,165,46,50,997,1019,2.87
JICT,2019-03-31,1258,879,377,1174,73,11,440,400,381,37,821,437,1188,44,15,11,348,910,2.53
JICT,2019-04-01,1382,1090,292,1292,66,24,645,300,418,19,1063,319,1346,11,20,5,589,793,2.49
JICT,2019-04-02,1685,1059,626,1578,99,8,469,562,485,169,954,731,1495,149,19,22,725,960,2.44
JICT,2019-04-03,1388,910,478,1308,77,3,546,385,434,23,980,408,1324,37,10,17,572,816,2.85
JICT,2019-04-04,2613,1947,665,2417,174,22,1036,541,945,91,1981,632,2459,127,27,0,576,2037,2.82
JICT,2019-04-05,1091,585,506,1063,24,4,357,357,331,46,688,403,1017,22,23,29,628,463,2.96
JICT,2019-04-06,3123,1741,1381,3019,91,13,866,1501,675,81,1541,1582,2844,154,98,27,1583,1540,2.44
JICT,2019-04-07,1858,936,922,1770,71,17,304,1150,345,59,649,1209,1469,331,58,0,464,1394,2.71
JICT,2019-04-08,2241,1701,540,1991,220,30,805,586,643,207,1448,793,1830,254,129,28,1108,1133,2.41
JICT,2019-04-09,2606,2066,539,2408,132,66,958,554,960,134,1918,688,2384,130,25,67,1467,1139,1.98
JICT,2019-04-10,2711,2049,662,2483,210,18,927,882,821,81,1748,963,2412,219,45,35,1245,1466,2.51
JICT,2019-04-11,2204,1825,374,1975,184,45,1042,330,817,15,1859,345,2180,5,13,6,1180,1024,2.64
JICT,2019-04-12,3046,2105,940,2908,101,37,813,1094,1073,66,1886,1160,2566,437,40,3,1716,1330,2.82
JICT,2019-04-13,2573,1722,849,2347,194,32,851,1110,559,53,1410,1163,2290,241,36,6,1404,1169,3.25
JICT,2019-04-14,1477,918,556,1358,113,6,509,486,425,57,929,548,1283,149,43,2,343,1134,3.38
JICT,2019-04-15,1897,1421,474,1767,100,30,845,680,313,59,1158,739,1651,141,89,16,581,1316,3.46
JICT,2019-04-16,710,574,136,674,32,4,273,125,260,52,533,177,667,5,1,37,474,236,3.00
JICT,2019-04-17,1259,739,515,1218,36,5,465,466,298,30,763,496,1211,19,17,12,456,803,3.16
JICT,2019-04-18,1125,916,209,1066,45,14,602,197,311,15,913,212,1067,51,7,0,177,948,4.16
JICT,2019-04-19,1116,855,261,1004,104,8,636,173,295,12,931,185,1078,33,1,4,421,695,4.69
JICT,2019-04-20,3683,2414,1269,3359,304,20,902,1711,926,144,1818,1865,3136,461,42,44,619,3064,4.82
JICT,2019-04-21,1074,568,506,1007,54,13,119,560,234,161,353,721,661,253,160,0,180,894,4.09
JICT,2019-04-22,1670,1068,602,1585,69,16,434,744,438,54,872,798,1474,158,38,0,400,1270,3.30
JICT,2019-04-23,2886,2341,544,2677,184,25,1220,497,1083,86,2303,583,2682,177,7,20,1404,1482,3.05
JICT,2019-04-24,1471,1059,412,1428,29,14,595,375,452,49,1047,424,1357,80,16,18,710,761,3.19
JICT,2019-04-25,1350,966,384,1289,50,11,299,683,314,54,613,737,1171,133,21,25,883,467,2.35
JICT,2019-04-26,2672,2119,553,2499,151,22,1076,550,998,48,2073,599,2518,115,37,2,1630,1042,2.97
JICT,2019-04-27,3057,2156,901,2787,234,36,1125,778,1066,88,2191,866,2852,174,29,2,1744,1313,3.25
JICT,2019-04-28,1268,1012,256,1136,116,16,517,303,431,17,948,320,1178,87,3,0,652,616,3.11
JICT,2019-04-29,1670,886,784,1592,47,31,239,997,283,151,522,1148,1242,287,140,1,511,1159,2.84
JICT,2019-04-30,2207,1787,419,1985,185,37,1073,229,762,143,1835,372,2084,91,11,21,915,1292,3.36
JICT,2019-05-01,1347,1039,308,1333,14,0,255,612,353,127,608,739,1237,84,21,5,466,881,2.75
JICT,2019-05-02,1466,1156,310,1381,72,13,697,180,505,84,1202,264,1378,55,33,0,350,1116,3.24
JICT,2019-05-03,2003,1467,536,1765,193,45,966,349,499,189,1465,538,1796,120,59,28,895,1108,3.00
JICT,2019-05-04,3475,2131,1344,3318,113,44,1088,1376,870,141,1958,1517,3078,282,115,0,1705,1770,2.90
JICT,2019-05-05,2085,1299,786,1951,116,18,619,685,768,13,1387,698,1767,310,8,0,800,1285,2.78
JICT,2019-05-06,1208,910,298,962,107,139,521,143,511,33,1032,176,1172,36,0,0,337,871,3.03
JICT,2019-05-07,2634,1591,1043,2477,126,31,772,1165,584,113,1356,1278,2176,343,114,1,1289,1345,2.68
JICT,2019-05-08,1340,1170,170,1279,53,8,481,302,507,50,988,352,1254,59,3,24,645,695,2.38
JICT,2019-05-09,2490,1842,648,2113,366,11,819,827,754,90,1573,917,2317,121,49,3,1362,1128,2.74
JICT,2019-05-10,1406,960,446,1298,103,5,484,327,450,145,934,472,1195,209,1,1,868,538,2.49
JICT,2019-05-11,2816,1986,830,2654,131,31,896,944,638,338,1534,1282,2397,308,67,44,1495,1321,2.62
JICT,2019-05-12,1679,1102,577,1617,50,12,530,630,454,65,984,695,1395,179,94,11,699,980,2.44
JICT,2019-05-13,571,369,202,522,40,9,138,276,122,35,260,311,495,46,30,0,158,413,2.22
JICT,2019-05-14,2818,2048,770,2583,201,34,1171,503,999,145,2170,648,2663,141,10,4,1526,1292,1.95
JICT,2019-05-15,1316,930,386,1226,77,13,628,218,334,136,962,354,1260,23,1,32,910,406,1.65
JICT,2019-05-16,2713,2106,607,2575,99,39,911,716,1035,51,1946,767,2651,28,34,0,1307,1406,2.07
JICT,2019-05-17,2729,1852,877,2510,203,16,743,838,841,307,1584,1145,2239,391,83,16,1715,1014,1.99
JICT,2019-05-18,2576,1728,847,2445,75,56,966,834,635,141,1601,975,2271,188,108,9,1331,1245,2.55
JICT,2019-05-19,924,535,389,917,6,1,152,554,189,29,341,583,753,132,36,3,239,685,2.46
JICT,2019-05-20,827,656,171,726,61,40,328,126,339,34,667,160,702,66,32,27,332,495,2.58
JICT,2019-05-21,1923,1432,491,1857,62,4,612,569,586,156,1198,725,1724,91,96,12,1140,783,1.68
JICT,2019-05-22,1885,1496,389,1761,114,10,1020,285,442,138,1462,423,1755,115,1,14,1112,773,1.73
JICT,2019-05-23,1770,1418,352,1676,86,8,594,629,507,40,1101,669,1421,325,23,1,925,845,1.65
JICT,2019-05-24,1239,848,391,1169,62,8,238,690,240,71,478,761,879,319,41,0,778,461,1.97
JICT,2019-05-25,1018,686,332,991,25,2,238,487,206,87,444,574,893,46,67,12,797,221,1.38
JICT,2019-05-26,322,243,79,315,7,0,85,185,42,10,127,195,245,57,17,3,146,176,1.56
JICT,2019-05-27,540,410,130,501,32,7,294,173,62,11,356,184,453,60,21,6,277,263,1.38
JICT,2019-05-28,307,240,67,302,5,0,152,26,102,27,254,53,282,11,12,2,171,136,1.04
JICT,2019-05-29,95,75,20,84,11,0,58,2,32,3,90,5,90,4,1,0,52,43,1.99
JICT,2019-05-30,265,180,85,253,12,0,56,148,50,11,106,159,241,17,7,0,183,82,2.01
JICT,2019-05-31,289,231,58,268,13,8,132,115,29,13,161,128,197,68,16,8,95,194,9.02
JICT,2019-06-01,290,233,57,282,8,0,42,217,30,1,72,218,231,59,0,0,86,204,1.88
JICT,2019-06-02,47,20,27,47,0,0,4,26,0,17,4,43,47,0,0,0,43,4,9.85
JICT,2019-06-03,64,35,29,62,2,0,42,21,1,0,43,21,63,1,0,0,0,64,10.33
JICT,2019-06-04,192,151,41,190,2,0,150,7,35,0,185,7,190,2,0,0,3,189,12.17
JICT,2019-06-06,426,334,92,353,69,4,208,103,82,33,290,136,408,11,7,0,5,421,7.24
JICT,2019-06-07,103,70,33,101,2,0,73,1,29,0,102,1,103,0,0,0,0,103,6.41
JICT,2019-06-08,545,353,192,450,68,27,179,224,107,35,286,259,451,77,15,2,14,531,5.33
JICT,2019-06-09,420,281,139,349,70,1,242,79,74,25,316,104,411,9,0,0,50,370,5.13
JICT,2019-06-10,1559,1231,328,1259,226,74,835,244,434,46,1269,290,1459,52,8,40,92,1467,4.71
JICT,2019-06-11,1666,1043,623,1335,311,20,697,229,526,214,1223,443,1410,240,11,5,216,1450,3.61
JICT,2019-06-12,1522,1209,313,1445,63,14,288,869,196,169,484,1038,1031,375,113,3,309,1213,2.83
JICT,2019-06-13,1527,1321,206,1383,126,18,834,326,361,6,1195,332,1517,6,4,0,581,946,2.68
JICT,2019-06-14,1834,1371,463,1706,118,10,485,804,484,61,969,865,1536,166,81,51,621,1213,3.49
JICT,2019-06-15,2714,2180,534,2523,138,53,1257,739,557,161,1814,900,2405,143,141,25,968,1746,3.22
JICT,2019-06-16,2062,1320,742,1932,114,16,643,902,446,71,1089,973,1689,296,77,0,359,1703,2.87
JICT,2019-06-17,2740,2136,604,2376,246,118,1236,516,886,102,2122,618,2419,203,20,98,698,2042,2.89
JICT,2019-06-18,977,847,130,810,163,4,522,66,225,164,747,230,813,159,3,2,353,624,2.59
JICT,2019-06-19,2528,1878,650,2377,141,10,973,526,784,245,1757,771,2142,150,120,116,1206,1322,2.13
JICT,2019-06-20,2633,2116,517,2387,223,23,1115,505,931,82,2046,587,2576,27,26,4,1385,1248,2.30
JICT,2019-06-21,1457,1120,337,1407,35,15,403,707,234,113,637,820,1259,108,67,23,494,963,2.58
JICT,2019-06-22,3938,3020,918,3468,385,85,1245,960,1459,274,2704,1234,3436,388,43,71,1594,2344,3.34
JICT,2019-06-23,1103,729,374,1001,29,73,108,770,139,86,247,856,859,164,78,2,313,790,2.42
JICT,2019-06-24,1833,1420,389,1601,182,49,952,266,599,16,1550,282,1796,9,12,16,758,1075,2.62
JICT,2019-06-25,1810,1356,454,1594,203,13,785,328,512,185,1297,513,1658,139,10,3,700,1110,2.30
JICT,2019-06-26,2095,1741,354,1976,89,30,418,1104,449,124,867,1228,1875,183,17,20,1229,866,1.71
JICT,2019-06-27,1908,1464,444,1703,183,22,773,465,617,53,1390,518,1833,26,33,16,1170,738,1.97
JICT,2019-06-28,1571,1175,396,1310,174,87,489,417,520,145,1009,562,1259,284,26,2,752,819,2.82
JICT,2019-06-29,3060,2057,995,2750,217,93,1106,996,931,27,2037,1023,2846,179,16,19,1558,1502,2.91
JICT,2019-06-30,2390,1574,814,2192,114,84,855,969,530,36,1385,1005,2171,139,44,36,713,1677,2.79
JICT,2019-07-01,1257,908,341,1162,62,33,435,610,158,54,593,664,1010,186,60,1,560,697,1.86
JICT,2019-07-02,2436,1804,630,2209,201,26,1198,490,734,14,1932,504,2363,41,14,18,1301,1135,2.02
JICT,2019-07-03,1289,821,468,1212,31,46,381,512,330,66,711,578,1059,139,66,25,477,812,2.11
JICT,2019-07-04,2723,2216,507,2290,406,27,1048,447,1035,193,2083,640,2548,155,20,0,1149,1574,2.48
JICT,2019-07-05,2086,1642,444,1764,272,50,752,343,846,145,1598,488,1798,275,13,0,1101,985,3.05
JICT,2019-07-06,3209,2371,838,3069,109,31,835,1793,549,32,1384,1825,2979,164,35,31,2228,981,2.10
JICT,2019-07-07,933,502,431,903,24,6,136,595,179,23,315,618,812,75,46,0,347,586,2.10
JICT,2019-07-08,1264,960,304,1135,109,20,830,117,313,4,1143,121,1255,7,2,0,482,782,2.56
JICT,2019-07-09,1709,1362,347,1388,291,30,761,143,661,144,1422,287,1563,117,7,22,775,934,2.29
JICT,2019-07-10,1763,1374,389,1663,62,38,519,581,628,35,1147,616,1554,186,22,1,611,1152,2.08
JICT,2019-07-11,1137,1056,81,1032,99,6,500,130,501,6,1001,136,1135,2,0,0,537,600,2.31
JICT,2019-07-12,2148,1500,648,2037,93,18,603,907,576,62,1179,969,2041,72,35,0,1320,828,2.19
JICT,2019-07-13,2896,2173,723,2777,85,34,1005,756,1102,33,2107,789,2737,146,0,13,1690,1206,2.56
JICT,2019-07-14,2138,1278,860,2093,14,31,210,1585,323,20,533,1605,1778,268,88,4,1000,1138,1.99
JICT,2019-07-15,2004,1442,562,1854,118,32,864,396,716,28,1580,424,1918,57,17,12,793,1211,2.01
JICT,2019-07-16,2551,2073,477,2042,476,33,1095,233,969,254,2064,487,2284,241,26,0,969,1582,2.35
JICT,2019-07-17,2806,2272,534,2433,252,121,710,1002,880,214,1590,1216,2361,345,62,38,1325,1481,2.00
JICT,2019-07-18,1854,1560,293,1658,154,42,729,343,751,31,1480,374,1828,3,23,0,1286,568,1.80
JICT,2019-07-19,744,688,56,691,47,6,237,104,401,2,638,106,740,3,1,0,556,188,1.59
JICT,2019-07-20,2309,1522,787,2164,133,12,771,905,596,37,1367,942,2118,125,38,28,1331,978,2.32
JICT,2019-07-21,1341,858,483,1203,129,9,367,513,353,108,720,621,1022,269,48,2,397,944,2.21
JICT,2019-07-22,2251,1732,519,1965,249,37,1044,482,673,52,1717,534,2032,206,13,0,700,1551,2.07
JICT,2019-07-23,2385,1950,435,2110,258,17,1067,374,832,112,1899,486,2286,95,3,1,945,1440,2.28
JICT,2019-07-24,720,598,122,676,38,6,318,213,172,17,490,230,690,22,3,5,274,446,2.30
JICT,2019-07-25,2229,1927,302,2012,201,16,931,401,814,83,1745,484,2145,45,39,0,1189,1040,1.89
JICT,2019-07-26,2000,1529,471,1866,96,38,386,1114,396,104,782,1218,1805,104,76,15,1277,723,2.09
JICT,2019-07-27,3084,2175,909,2763,266,55,995,991,948,150,1943,1141,2704,340,29,11,1822,1262,2.48
JICT,2019-07-28,1828,1464,364,1792,34,2,352,1052,361,63,713,1115,1402,344,82,0,467,1361,2.36
JICT,2019-07-29,985,689,295,919,65,1,604,186,187,8,791,194,936,32,15,2,346,639,2.12
JICT,2019-07-30,2555,2016,537,2212,288,55,1070,496,893,96,1963,592,2311,158,41,45,1349,1206,1.99
JICT,2019-07-31,3076,2424,652,2771,260,45,1469,559,968,80,2437,639,2908,93,70,5,1708,1368,2.37
JICT,2019-08-01,1848,1557,291,1476,359,13,817,150,762,119,1579,269,1721,85,10,32,953,895,2.65
JICT,2019-08-02,2134,1459,675,1942,169,23,693,726,687,28,1380,754,1939,143,52,0,794,1340,2.56
JICT,2019-08-03,2013,1522,491,1863,138,12,726,570,661,56,1387,626,1913,67,6,27,1171,842,2.79
JICT,2019-08-05,1353,1065,287,1208,117,28,604,418,217,114,821,532,1086,169,90,8,375,978,2.15
JICT,2019-08-06,1431,1201,230,1200,220,11,601,167,576,87,1177,254,1312,102,7,10,662,769,2.20
JICT,2019-08-07,1603,1199,404,1442,136,25,758,337,432,76,1190,413,1509,31,11,52,925,678,1.67
JICT,2019-08-08,1969,1555,414,1798,129,42,843,350,696,80,1539,430,1908,53,8,0,1165,804,1.83
JICT,2019-08-09,2607,1849,758,2298,227,82,967,777,724,139,1691,916,2268,291,45,3,1505,1102,2.32
JICT,2019-08-10,1397,1137,260,1308,49,40,463,445,461,28,924,473,1273,91,32,1,797,600,2.65
JICT,2019-08-11,1902,1435,467,1785,101,16,377,855,460,210,837,1065,1496,294,107,5,412,1490,2.23
JICT,2019-08-12,2433,1988,445,2223,154,56,745,917,683,88,1428,1005,2102,244,83,4,750,1683,2.12
JICT,2019-08-13,2666,2131,535,2351,216,99,1227,726,692,21,1919,747,2479,105,11,71,1554,1112,2.09
JICT,2019-08-14,2159,1714,445,1828,318,13,960,457,636,106,1596,563,1932,162,40,25,1336,823,2.54
JICT,2019-08-15,2864,2253,611,2593,203,68,779,1226,802,57,1581,1283,2695,136,33,0,2034,830,1.96
JICT,2019-08-16,2362,1843,519,2238,93,31,718,933,593,118,1311,1051,2132,133,90,7,1393,969,2.53
JICT,2019-08-17,3020,2406,614,2769,225,26,1066,650,1120,184,2186,834,2771,215,23,11,1818,1202,2.94
JICT,2019-08-18,701,466,235,701,0,0,150,433,107,11,257,444,525,142,34,0,132,569,2.13
JICT,2019-08-19,1084,834,250,923,130,31,487,245,347,5,834,250,1032,34,12,6,303,781,2.41
JICT,2019-08-20,727,593,134,581,144,2,255,62,393,17,648,79,700,14,0,13,302,425,2.95
JICT,2019-08-21,2386,1979,407,2067,298,21,1131,392,781,82,1912,474,2188,182,13,3,1041,1345,2.35
JICT,2019-08-22,2853,2185,668,2645,130,78,1026,967,743,117,1769,1084,2626,178,49,0,1376,1477,1.88
JICT,2019-08-23,1110,858,252,1067,30,13,399,377,285,49,684,426,1003,72,35,0,640,470,2.41
JICT,2019-08-24,2874,2320,554,2730,99,45,763,1199,865,47,1628,1246,2667,169,21,17,1543,1331,2.83
JICT,2019-08-25,963,458,505,929,11,23,183,479,216,85,399,564,735,132,96,0,214,749,1.94
JICT,2019-08-26,2421,1831,590,2016,306,99,1142,532,675,72,1817,604,2201,199,4,17,815,1606,2.60
JICT,2019-08-27,1953,1620,333,1522,400,31,946,310,521,176,1467,486,1650,237,34,32,911,1042,2.79
JICT,2019-08-28,1789,1426,363,1645,127,17,613,565,561,50,1174,615,1654,66,44,25,720,1069,2.66
JICT,2019-08-29,1471,1233,238,1055,335,81,688,186,593,4,1281,190,1433,13,1,24,793,678,3.92
JICT,2019-08-30,596,516,80,553,33,10,135,357,98,6,233,363,383,204,9,0,176,420,3.86
JICT,2019-08-31,1364,1080,284,1060,177,127,510,359,425,70,935,429,1221,95,48,0,450,914,3.29
JICT,2019-09-01,1233,749,484,1153,47,33,249,682,278,24,527,706,986,209,36,2,426,807,2.02
JICT,2019-09-02,1865,1573,292,1379,308,178,836,331,581,117,1417,448,1653,121,85,6,714,1151,2.87
JICT,2019-09-03,3296,2295,1001,2629,459,208,1210,451,1393,242,2603,693,2932,286,9,69,1825,1471,2.44
JICT,2019-09-04,2442,1946,496,1939,333,170,1083,353,897,109,1980,462,2377,12,42,11,1489,953,2.61
JICT,2019-09-05,2143,1631,512,1735,280,128,1045,456,546,96,1591,552,2042,72,24,5,1070,1073,2.81
JICT,2019-09-06,1980,1414,566,1631,225,124,528,803,606,43,1134,846,1869,60,48,3,1182,798,2.83
JICT,2019-09-07,2968,2373,594,2315,443,210,1121,705,1061,81,2182,786,2723,193,34,18,1495,1473,3.20
JICT,2019-09-08,1355,975,380,1238,75,42,194,534,579,48,773,582,1120,149,86,0,294,1061,2.67
JICT,2019-09-09,1957,1527,430,1544,193,220,1133,461,352,11,1485,472,1868,53,14,22,573,1384,2.96
JICT,2019-09-10,1951,1500,451,1519,344,88,856,209,749,137,1605,346,1747,196,6,2,652,1299,3.11
JICT,2019-09-11,1548,1166,382,1229,178,141,450,582,380,136,830,718,1350,80,47,71,870,678,2.32
JICT,2019-09-12,2267,1900,367,1825,333,109,1070,468,705,24,1775,492,2229,24,2,12,1006,1261,2.87
JICT,2019-09-13,1253,876,377,1110,119,24,311,643,208,91,519,734,1071,100,82,0,751,502,2.40
JICT,2019-09-14,1361,1132,229,1142,156,63,444,540,277,100,721,640,1164,111,43,43,930,431,2.69
JICT,2019-09-15,415,199,216,338,64,13,56,264,85,10,141,274,227,148,40,0,107,308,2.82
JICT,2019-09-16,976,716,260,704,155,117,450,253,262,11,712,264,861,96,19,0,262,714,3.50
JICT,2019-09-17,1982,1124,858,1514,320,148,562,231,1063,126,1625,357,1784,169,27,2,680,1302,3.22
JICT,2019-09-18,2666,2123,543,2064,464,138,815,649,949,253,1764,902,2111,325,211,19,1004,1662,3.21
JICT,2019-09-19,1822,1651,171,1438,261,123,665,248,804,105,1469,353,1784,14,24,0,932,890,3.27
JICT,2019-09-20,1964,1555,409,1751,133,80,556,889,447,72,1003,961,1750,152,50,12,1338,626,2.96
JICT,2019-09-21,2384,1899,485,2100,127,157,826,916,545,97,1371,1013,2140,178,47,19,1176,1208,3.03
JICT,2019-09-22,1651,1170,481,1477,108,66,587,567,476,21,1063,588,1482,131,38,0,501,1150,2.97
JICT,2019-09-23,1852,1410,442,1414,245,193,943,357,540,12,1483,369,1709,121,1,21,594,1258,3.10
JICT,2019-09-24,1710,1297,413,1519,116,75,648,516,506,40,1154,556,1672,18,14,6,1228,482,1.66
JICT,2019-09-25,3168,2271,897,2537,507,124,919,572,1340,337,2259,909,2594,383,121,70,1895,1273,2.63
JICT,2019-09-26,2011,1630,381,1660,246,105,634,466,616,295,1250,761,1822,104,75,10,1232,779,2.97
JICT,2019-09-27,2318,1879,439,2133,130,55,488,912,371,547,859,1459,2098,136,48,36,1182,1136,3.88
JICT,2019-09-28,2355,1880,475,2155,170,30,827,917,433,178,1260,1095,2024,233,91,7,1330,1025,2.86
JICT,2019-09-29,1063,786,277,1021,35,7,573,224,225,41,798,265,1030,25,8,0,138,925,3.31
JICT,2019-09-30,1441,1124,317,1296,140,5,582,449,383,27,965,476,1263,142,27,9,323,1118,3.02
JICT,2019-10-01,1571,1323,248,1491,70,10,696,186,525,164,1221,350,1443,121,0,7,790,781,2.35
JICT,2019-10-02,2759,1934,825,2616,127,16,1109,548,958,144,2067,692,2281,290,64,124,1586,1173,1.88
JICT,2019-10-03,2459,2029,430,2317,118,24,1115,440,846,58,1961,498,2323,98,35,3,1343,1116,2.22
JICT,2019-10-04,2800,2244,555,2675,109,16,1200,867,683,50,1883,917,2648,119,32,1,1910,890,2.02
JICT,2019-10-05,2916,2187,727,2827,78,11,1139,951,630,196,1769,1147,2739,74,103,0,2005,911,2.28
JICT,2019-10-06,1888,1394,494,1828,56,4,635,541,647,65,1282,606,1668,173,39,8,768,1120,2.21
JICT,2019-10-07,2165,1525,640,1991,164,10,748,506,793,118,1541,624,1793,291,77,4,1238,927,2.07
JICT,2019-10-08,2305,1860,445,2140,147,18,1009,397,718,181,1727,578,2087,173,30,15,1161,1144,2.31
JICT,2019-10-09,1680,1444,236,1613,49,18,615,342,629,94,1244,436,1560,52,59,9,826,854,1.98
JICT,2019-10-10,929,818,111,917,10,2,366,293,244,26,610,319,899,5,25,0,553,376,1.64
JICT,2019-10-11,910,730,180,857,53,0,120,643,107,40,227,683,694,146,60,10,553,357,1.51
JICT,2019-10-12,2105,1691,414,1975,110,20,732,784,496,93,1228,877,1923,130,27,25,964,1141,2.75
JICT,2019-10-13,2457,1738,719,2340,106,11,952,805,658,42,1610,847,2182,208,67,0,422,2035,2.46
JICT,2019-10-14,2522,2063,459,2114,325,83,1350,289,859,24,2209,313,2419,87,16,0,693,1829,2.81
JICT,2019-10-15,606,450,156,568,18,20,305,130,169,2,474,132,587,8,9,2,313,293,1.84
JICT,2019-10-16,1964,1193,771,1892,70,2,356,940,457,211,813,1151,1643,207,114,0,499,1465,2.25
JICT,2019-10-17,1824,1402,422,1646,147,31,621,346,755,102,1376,448,1669,113,42,0,934,890,2.12
JICT,2019-10-18,1454,1080,374,1442,10,2,337,792,241,84,578,876,1236,121,97,0,827,627,1.84
JICT,2019-10-19,1820,1259,561,1788,30,2,480,517,538,285,1018,802,1646,146,25,3,747,1073,3.40
JICT,2019-10-20,1841,1606,235,1733,92,16,759,338,654,90,1413,428,1659,179,3,0,336,1505,2.69
JICT,2019-10-21,995,563,432,911,72,12,266,403,266,60,532,463,834,112,48,1,492,503,2.09
JICT,2019-10-22,1145,945,200,1038,74,33,598,178,247,122,845,300,1128,17,0,0,700,445,1.76
JICT,2019-10-23,2859,2092,767,2731,115,13,1081,1020,577,181,1658,1201,2662,62,100,35,1623,1236,1.67
JICT,2019-10-24,1756,1613,143,1568,151,37,795,385,508,68,1303,453,1718,15,21,2,896,860,2.42
JICT,2019-10-25,2636,1926,710,2422,180,34,919,789,870,58,1789,847,2392,147,12,85,1841,795,2.20
JICT,2019-10-26,2081,1508,573,1946,118,17,874,587,459,161,1333,748,1951,41,78,11,1160,921,2.96
JICT,2019-10-27,554,216,338,547,5,2,72,365,103,14,175,379,491,31,32,0,164,390,1.82
JICT,2019-10-28,2209,1690,518,2068,111,30,1213,537,428,31,1641,568,2194,8,4,3,614,1595,2.35
JICT,2019-10-29,1937,1405,532,1760,163,14,886,210,666,175,1552,385,1708,223,2,4,605,1332,2.50
JICT,2019-10-30,2321,1617,704,2225,73,23,797,917,526,81,1323,998,2051,203,66,1,870,1451,2.20
JICT,2019-10-31,1571,1349,222,1336,207,28,727,135,656,53,1383,188,1499,47,25,0,754,817,2.53
JICT,2019-11-01,1405,1202,203,1320,83,2,391,289,595,130,986,419,1263,73,48,21,800,605,2.92
JICT,2019-11-02,4214,3274,940,4084,110,20,1119,1530,1409,156,2528,1686,3759,347,104,4,2456,1758,2.41
JICT,2019-11-03,1016,789,227,951,62,3,275,387,325,29,600,416,931,65,10,10,256,760,3.08
JICT,2019-11-04,3042,2241,801,2808,208,26,975,1202,767,98,1742,1300,2746,233,56,7,881,2161,2.46
JICT,2019-11-05,1999,1436,563,1827,141,31,893,283,665,158,1558,441,1775,214,10,0,966,1033,2.32
JICT,2019-11-06,1660,1175,484,1536,110,14,631,331,608,90,1239,421,1523,107,16,14,1044,616,1.98
JICT,2019-11-07,2247,1751,496,2056,171,20,977,528,705,37,1682,565,2203,23,17,4,1176,1071,2.12
JICT,2019-11-08,2130,1402,726,2047,79,4,496,837,685,112,1181,949,1800,298,22,10,1138,992,2.91
JICT,2019-11-09,2873,2340,533,2645,207,21,988,674,1098,113,2086,787,2711,109,33,20,1091,1782,3.18
JICT,2019-11-10,302,250,51,296,6,0,56,78,164,4,220,82,299,3,0,0,92,210,2.40
JICT,2019-11-11,1953,1190,763,1897,51,5,929,639,367,18,1296,657,1806,128,19,0,759,1194,1.93
JICT,2019-11-12,1601,1007,590,1461,118,22,667,443,446,45,1113,488,1479,93,24,5,739,862,1.86
JICT,2019-11-13,1870,1090,780,1828,40,2,558,860,225,227,783,1087,1438,308,110,14,715,1155,2.11
JICT,2019-11-14,1597,1274,323,1444,139,14,700,492,378,27,1078,519,1527,42,19,9,634,963,2.34
JICT,2019-11-15,3573,2690,883,3274,283,16,1122,772,1434,245,2556,1017,3147,290,111,25,1698,1875,2.98
JICT,2019-11-16,3230,2479,751,3047,163,20,1008,918,1158,146,2166,1064,2874,262,40,54,1770,1460,2.69
JICT,2019-11-17,2404,1593,811,2340,59,5,498,1002,720,184,1218,1186,1961,370,65,8,651,1753,2.93
JICT,2019-11-18,944,674,270,854,74,16,343,262,262,77,605,339,793,140,11,0,378,566,2.40
JICT,2019-11-19,1733,1415,318,1543,178,12,707,366,486,174,1193,540,1444,241,31,17,690,1043,2.57
JICT,2019-11-20,1837,1375,462,1703,129,5,744,557,488,48,1232,605,1775,33,28,1,1206,631,2.04
JICT,2019-11-21,2619,2129,489,2275,311,33,849,748,974,48,1823,796,2444,144,30,1,1520,1099,2.76
JICT,2019-11-22,1815,1331,483,1702,98,15,457,484,799,75,1256,559,1571,218,26,0,1136,679,2.80
JICT,2019-11-23,2779,2288,491,2573,183,23,801,796,998,184,1799,980,2402,241,108,28,1473,1306,3.00
JICT,2019-11-24,669,431,238,653,15,1,369,146,151,3,520,149,665,4,0,0,209,460,2.36
JICT,2019-11-25,2082,1237,845,1913,151,18,773,898,375,36,1148,934,1937,98,44,3,649,1433,2.03
JICT,2019-11-26,2087,1243,844,1951,125,11,634,986,348,119,982,1105,1961,118,6,2,784,1303,2.12
JICT,2019-11-27,2156,1640,516,2039,88,29,524,1258,277,97,801,1355,2018,132,0,6,1246,910,1.94
JICT,2019-11-28,1615,1293,322,1385,171,59,839,328,415,33,1254,361,1545,38,25,7,840,775,2.77
JICT,2019-11-29,1791,1267,524,1427,278,86,483,577,583,148,1066,725,1570,97,118,6,766,1025,3.94
JICT,2019-11-30,3411,2814,597,2695,495,221,1149,703,1228,331,2377,1034,2915,436,54,6,1672,1739,3.44
JICT,2019-12-01,1334,1184,150,1251,54,29,318,350,658,8,976,358,1184,138,3,9,309,1025,3.15
JICT,2019-12-02,2182,1343,839,1805,163,214,752,787,602,41,1354,828,1996,150,35,1,739,1443,2.56
JICT,2019-12-03,1597,1247,350,1273,166,158,659,374,431,133,1090,507,1421,166,4,6,631,966,2.80
JICT,2019-12-04,2238,1432,806,2061,69,108,857,804,545,32,1402,836,2056,166,9,7,1222,1016,1.87
JICT,2019-12-05,2496,1864,632,2219,218,59,1114,500,772,110,1886,610,2339,43,98,16,1124,1372,2.60
JICT,2019-12-06,1110,718,392,1040,66,4,312,518,279,1,591,519,1050,41,19,0,490,620,2.14
JICT,2019-12-07,2317,1659,658,2210,96,11,617,826,755,119,1372,945,2077,149,83,8,1012,1305,2.86
JICT,2019-12-08,726,400,326,712,14,0,109,419,165,33,274,452,594,82,35,15,175,551,2.32
JICT,2019-12-09,2898,1919,979,2727,150,21,1051,643,981,223,2032,866,2615,256,19,8,1028,1870,2.26
JICT,2019-12-10,2882,1901,981,2723,156,3,1156,1046,479,201,1635,1247,2613,234,21,14,1480,1402,1.78
JICT,2019-12-11,1781,1427,354,1636,130,15,616,352,687,126,1303,478,1590,184,2,5,1105,676,2.02
JICT,2019-12-12,1883,1632,251,1671,188,24,734,247,855,47,1589,294,1837,12,32,2,970,913,3.06
JICT,2019-12-13,2127,1530,597,2046,71,10,593,962,371,201,964,1163,1686,243,185,13,738,1389,2.65
JICT,2019-12-14,3811,2599,1212,3631,174,6,1224,995,1227,365,2451,1360,3429,214,159,9,1873,1938,3.12
JICT,2019-12-15,915,744,171,902,12,1,252,329,319,15,571,344,762,138,15,0,299,616,3.29
JICT,2019-12-16,3802,2708,1094,3455,309,38,1567,594,1436,205,3003,799,3403,380,19,0,1711,2091,2.28
JICT,2019-12-17,2360,1890,470,2106,232,22,979,559,682,140,1661,699,2093,220,11,36,1247,1113,2.60
JICT,2019-12-18,1912,1422,490,1725,170,17,658,508,509,237,1167,745,1654,252,4,2,1241,671,2.02
JICT,2019-12-19,1687,1367,320,1598,89,0,787,394,413,93,1200,487,1596,65,21,5,1097,590,1.80
JICT,2019-12-20,1966,1567,399,1789,160,17,723,642,546,55,1269,697,1898,22,46,0,1440,526,3.16
JICT,2019-12-21,2241,1982,259,2038,192,11,537,511,703,490,1240,1001,1983,192,64,2,1504,737,2.92
JICT,2019-12-22,482,259,223,471,11,0,122,216,128,16,250,232,354,60,68,0,173,309,2.69
JICT,2019-12-23,2260,1877,383,1984,243,33,1106,352,623,179,1729,531,2014,224,10,12,871,1389,4.18
JICT,2019-12-24,807,663,144,620,167,20,316,59,288,144,604,203,652,135,3,17,250,557,4.42
JICT,2019-12-25,2032,1594,438,1781,212,39,512,647,526,347,1038,994,1696,324,12,0,341,1691,3.77
JICT,2019-12-26,982,860,122,865,85,32,343,210,403,26,746,236,941,24,10,7,431,551,3.45
JICT,2019-12-27,1060,922,138,984,70,6,324,368,292,76,616,444,929,89,30,12,440,620,3.42
JICT,2019-12-28,1273,969,304,1213,56,4,379,457,319,118,698,575,1080,148,20,25,596,677,4.19
JICT,2019-12-29,439,252,187,412,27,0,138,178,94,29,232,207,321,66,49,3,86,353,5.23
JICT,2019-12-30,653,557,96,497,144,12,424,84,141,4,565,88,645,4,3,1,103,550,6.32
JICT,2019-12-31,1295,1041,254,1148,131,16,622,143,439,91,1061,234,1233,60,2,0,343,952,4.83
JICT,2020-01-01,1377,1078,299,1353,20,4,546,246,365,220,911,466,1238,138,1,0,199,1178,3.94
JICT,2020-01-02,638,434,204,624,14,0,145,398,73,22,218,420,550,62,26,0,192,446,2.53
JICT,2020-01-03,1356,807,549,1245,103,8,498,233,618,7,1116,240,1239,110,6,1,674,682,3.20
JICT,2020-01-04,2044,1446,598,1950,78,16,493,691,771,89,1264,780,1941,58,44,1,1145,899,2.78
JICT,2020-01-05,1936,1627,309,1699,189,48,941,145,811,39,1752,184,1926,9,1,0,714,1222,3.39
JICT,2020-01-06,1486,1084,402,1365,99,22,766,351,349,20,1115,371,1374,75,24,13,380,1106,3.04
JICT,2020-01-07,1566,1189,377,1390,164,12,810,178,566,12,1376,190,1509,48,8,1,592,974,3.26
JICT,2020-01-08,1621,1111,510,1456,139,26,832,246,520,23,1352,269,1534,81,2,4,923,698,2.71
JICT,2020-01-09,1096,859,237,1002,79,15,470,312,296,18,766,330,1067,11,8,10,585,511,2.84
JICT,2020-01-10,520,447,73,368,124,28,292,94,128,6,420,100,478,32,9,1,174,346,5.60
JICT,2020-01-11,672,613,59,579,88,5,259,67,326,20,585,87,631,34,1,6,101,571,5.09
JICT,2020-01-12,941,796,144,883,52,6,442,156,299,44,741,200,834,96,11,0,40,901,4.22
JICT,2020-01-13,1328,1105,223,1064,204,60,736,200,347,45,1083,245,1201,79,41,7,167,1161,4.25
JICT,2020-01-14,1383,810,573,1271,102,10,461,96,785,41,1246,137,1314,59,9,1,944,439,2.47
JICT,2020-01-15,3129,2489,640,2895,192,42,1564,336,1170,59,2734,395,2960,156,4,9,1584,1545,2.41
JICT,2020-01-16,1966,1475,491,1799,136,31,686,657,555,68,1241,725,1891,20,38,17,1157,809,2.35
JICT,2020-01-17,1892,1574,318,1711,145,36,875,273,700,44,1575,317,1670,179,35,8,943,949,3.00
JICT,2020-01-18,2475,1797,678,2335,120,20,895,691,804,85,1699,776,2437,24,9,5,1403,1072,2.70
JICT,2020-01-19,420,214,206,415,5,0,151,132,135,2,286,134,295,112,13,0,123,297,2.99
JICT,2020-01-20,1073,867,206,872,155,46,557,117,387,12,944,129,1025,13,23,12,243,830,3.65
JICT,2020-01-21,1633,1201,432,1477,141,15,719,163,585,166,1304,329,1553,80,0,0,699,934,2.95
JICT,2020-01-22,1163,736,427,1096,59,8,597,304,235,27,832,331,1148,13,2,0,653,510,2.15
JICT,2020-01-23,1893,1203,690,1722,143,28,720,312,820,41,1540,353,1690,147,56,0,1230,663,2.53
JICT,2020-01-24,1459,1270,189,1172,195,92,913,148,362,36,1275,184,1388,37,34,0,869,590,3.37
JICT,2020-01-25,443,201,242,438,5,0,182,127,133,1,315,128,441,2,0,0,204,239,2.68
JICT,2020-01-26,921,690,231,885,34,2,257,288,292,84,549,372,719,173,29,0,160,761,3.88
JICT,2020-01-27,1717,1500,217,1394,253,70,988,307,400,22,1388,329,1650,54,11,2,505,1212,3.55
JICT,2020-01-28,1205,1008,197,1072,124,9,556,139,501,9,1057,148,1100,92,11,2,578,627,3.18
JICT,2020-01-29,1099,840,259,984,99,16,503,140,446,10,949,150,1051,32,5,11,568,531,2.70
JICT,2020-01-30,1674,1293,381,1543,112,19,676,565,412,21,1088,586,1655,9,8,2,1087,587,2.55
JICT,2020-01-31,2933,2441,491,2713,174,46,1285,688,925,35,2210,723,2659,260,14,0,1940,993,2.59
JICT,2020-02-01,1501,763,738,1473,20,8,348,375,767,11,1115,386,1338,156,3,4,710,791,2.67
JICT,2020-02-02,1055,633,422,1029,17,9,358,210,473,14,831,224,951,100,4,0,574,481,2.23
JICT,2020-02-03,1030,776,254,969,57,4,354,204,419,53,773,257,871,102,57,0,371,659,3.03
JICT,2020-02-04,2291,1877,414,2064,191,36,1210,346,690,45,1900,391,2110,173,2,6,1143,1148,4.17
JICT,2020-02-05,1257,1002,255,1131,111,15,634,208,369,46,1003,254,1174,67,8,8,499,758,4.36
JICT,2020-02-06,1288,1082,206,1165,118,5,391,147,741,9,1132,156,1236,41,2,9,661,627,3.73
JICT,2020-02-07,847,576,271,809,38,0,335,317,190,5,525,322,690,134,15,8,435,412,2.50
JICT,2020-02-08,880,639,241,861,15,4,439,223,193,25,632,248,770,94,16,0,296,584,3.19
JICT,2020-02-09,595,409,186,578,16,1,275,143,175,2,450,145,592,0,0,3,134,461,1.98
JICT,2020-02-10,292,234,58,284,7,1,215,35,42,0,257,35,287,2,2,1,38,254,1.95
JICT,2020-02-11,266,96,170,266,0,0,111,28,126,1,237,29,265,0,0,1,95,171,3.97
JICT,2020-02-12,305,215,90,297,8,0,134,40,127,4,261,44,285,18,2,0,117,188,2.30
JICT,2020-02-13,1697,1319,378,1633,61,3,651,597,340,109,975,722,1519,143,33,2,950,747,1.90
JICT,2020-02-14,1394,1095,299,1277,107,10,595,131,666,2,1261,133,1286,106,1,1,849,545,2.33
JICT,2020-02-15,1205,690,515,1175,29,1,339,435,395,36,734,471,1087,70,46,2,811,394,1.88
JICT,2020-02-16,1141,594,547,1120,20,1,333,445,333,30,666,475,935,144,62,0,334,807,1.84
JICT,2020-02-17,160,117,43,158,2,0,79,32,49,0,128,32,157,3,0,0,57,103,1.78
JICT,2020-02-18,257,168,89,250,7,0,119,94,44,0,163,94,247,6,0,4,172,85,1.79
JICT,2020-02-19,1711,1376,335,1660,48,3,600,572,397,142,997,714,1653,38,19,1,744,967,2.06
JICT,2020-02-20,861,729,132,798,59,4,258,118,481,4,739,122,806,51,4,0,665,196,1.45
JICT,2020-02-21,1025,537,488,1020,5,0,207,611,167,40,374,651,752,222,47,4,497,528,2.12
JICT,2020-02-22,2769,2232,537,2696,72,1,616,882,1122,149,1724,1045,2469,252,25,23,1264,1505,2.85
JICT,2020-02-23,1303,762,541,1293,10,0,214,624,417,48,631,672,1033,217,53,0,559,744,2.10
JICT,2020-02-24,564,325,239,563,1,0,331,152,64,17,395,169,552,11,1,0,288,276,2.78
JICT,2020-02-25,259,145,114,249,8,2,137,39,83,0,220,39,253,4,0,2,155,104,2.44
JICT,2020-02-26,1331,1035,296,1279,38,14,522,201,544,64,1066,265,1227,34,32,38,578,753,1.92
JICT,2020-02-27,1602,1122,480,1531,70,1,468,780,305,49,773,829,1413,189,0,0,876,726,1.89
JICT,2020-02-28,1509,874,635,1462,35,12,374,831,160,144,534,975,1232,138,139,0,973,536,2.11
JICT,2020-02-29,2041,1629,412,1981,47,13,690,510,536,305,1226,815,1906,91,37,7,1291,750,2.38
JICT,2020-03-01,321,181,140,314,6,1,103,141,48,29,151,170,290,5,25,1,70,251,2.50
JICT,2020-03-02,460,353,107,432,23,5,181,27,77,175,258,202,451,3,2,4,223,237,2.16
JICT,2020-03-03,1543,1111,432,1463,76,4,857,229,227,230,1084,459,1482,57,1,3,850,693,1.74
JICT,2020-03-04,727,456,271,698,26,3,259,249,151,68,410,317,626,62,38,1,356,371,1.64
JICT,2020-03-05,1888,1357,531,1798,73,17,961,560,284,83,1245,643,1803,59,26,0,997,891,2.02
JICT,2020-03-06,2320,1835,485,2224,91,5,752,872,295,401,1047,1273,1821,329,148,22,1272,1048,2.31
JICT,2020-03-07,3112,2125,987,3009,90,13,1001,1385,505,221,1506,1606,2880,199,31,2,1759,1353,2.27
JICT,2020-03-08,560,430,130,505,55,0,170,198,99,93,269,291,439,121,0,0,112,448,3.32
JICT,2020-03-09,2006,1215,791,1974,27,5,711,873,277,145,988,1018,1641,204,143,18,698,1308,1.94
JICT,2020-03-10,2474,1926,548,2336,107,31,1307,383,431,353,1738,736,2298,136,34,6,1141,1333,1.86
JICT,2020-03-11,1556,977,579,1476,70,10,732,568,217,39,949,607,1415,136,3,2,778,778,2.04
JICT,2020-03-12,1193,1007,186,1096,78,19,683,229,154,127,837,356,1153,25,15,0,739,454,2.23
JICT,2020-03-13,1484,1268,216,1377,100,7,763,415,221,85,984,500,1156,301,27,0,762,722,2.71
JICT,2020-03-14,1497,1134,363,1446,43,8,276,847,297,77,573,924,1242,176,79,0,749,748,2.26
JICT,2020-03-15,1414,1060,354,1378,28,8,408,607,266,133,674,740,1337,72,5,0,580,834,2.37
JICT,2020-03-16,1977,1179,798,1901,60,16,804,731,363,79,1167,810,1784,172,7,14,692,1285,1.91
JICT,2020-03-17,997,795,202,908,65,24,551,214,197,35,748,249,940,52,0,5,588,409,2.40
JICT,2020-03-18,1453,1157,296,1310,127,16,661,509,180,103,841,612,1388,27,20,18,712,741,2.93
JICT,2020-03-19,624,450,174,617,4,3,194,222,96,112,290,334,588,1,35,0,259,365,4.20
JICT,2020-03-20,1674,1361,313,1617,48,9,491,916,201,66,664,1010,1248,335,91,0,924,750,2.61
JICT,2020-03-21,2369,1701,668,2241,103,25,972,696,545,156,1505,864,2192,158,19,0,1222,1147,3.13
JICT,2020-03-22,3014,2380,634,2878,119,17,1021,954,810,229,1827,1187,2699,295,20,0,1154,1860,3.03
JICT,2020-03-23,1461,955,506,1394,60,7,743,452,198,68,940,521,1224,172,65,0,544,917,2.85
JICT,2020-03-24,2023,1696,327,1871,110,42,899,729,348,47,1247,776,1772,201,48,2,897,1126,3.31
JICT,2020-03-25,2400,1846,554,2237,113,50,1184,677,464,75,1646,754,2242,122,31,5,712,1688,3.84
JICT,2020-03-26,1920,1549,371,1830,58,32,856,570,336,158,1192,728,1781,51,80,8,417,1503,3.95
JICT,2020-03-27,1545,1235,310,1437,82,26,760,496,236,53,996,549,1278,235,24,8,664,881,3.07
JICT,2020-03-28,2256,1286,970,2196,46,14,372,1423,211,250,565,1691,1819,273,161,3,1081,1175,2.33
JICT,2020-03-29,1152,866,286,1106,46,0,232,614,210,96,442,710,995,89,40,28,449,703,2.39
JICT,2020-03-30,1047,720,327,988,39,20,421,367,219,40,640,407,854,140,53,0,331,716,3.16
JICT,2020-03-31,1353,1167,186,1297,53,3,642,538,166,7,808,545,1202,144,7,0,540,813,2.78
JICT,2020-04-01,2198,1795,403,2174,21,3,1159,554,425,60,1584,614,2001,163,2,32,893,1305,2.62
JICT,2020-04-02,1012,772,240,1010,0,2,641,225,142,4,783,229,992,12,1,7,451,561,3.09
JICT,2020-04-03,2225,1767,458,2219,6,0,640,1075,372,138,1012,1213,1748,361,111,5,525,1700,4.02
JICT,2020-04-04,2953,2096,857,2953,0,0,871,1117,578,387,1449,1504,2694,223,15,21,1419,1534,3.18
JICT,2020-04-05,2157,1765,392,2157,0,0,801,808,522,26,1323,834,1942,179,21,15,498,1659,3.31
JICT,2020-04-06,1919,1411,508,1919,0,0,818,705,349,47,1167,752,1586,261,70,2,462,1457,2.93
JICT,2020-04-07,2694,1961,733,2694,0,0,992,1263,411,28,1403,1291,2431,249,7,7,1419,1275,2.49
JICT,2020-04-08,2182,1275,907,2182,0,0,635,1111,330,106,965,1217,1922,201,33,26,975,1207,2.63
JICT,2020-04-09,2301,1615,686,2301,0,0,1007,866,331,97,1338,963,2255,20,4,22,1148,1153,2.93
JICT,2020-04-10,739,336,403,739,0,0,285,364,26,64,311,428,613,45,80,1,228,511,2.69
JICT,2020-04-11,1825,1381,444,1825,0,0,641,613,525,46,1166,659,1628,186,3,8,568,1257,3.65
JICT,2020-04-12,2523,1621,902,2523,0,0,471,1261,419,372,890,1633,2194,227,81,21,531,1992,3.09
JICT,2020-04-13,883,580,303,883,0,0,379,260,237,7,616,267,855,27,1,0,266,617,2.91
JICT,2020-04-14,2110,1447,663,2110,0,0,1152,580,353,25,1505,605,2062,20,8,20,811,1299,2.75
JICT,2020-04-15,1839,1392,447,1839,0,0,862,484,470,23,1332,507,1676,124,14,25,937,902,2.54
JICT,2020-04-16,2397,1654,742,2397,0,0,1061,862,337,137,1398,999,2087,220,55,35,1493,904,2.00
JICT,2020-04-17,2161,1499,661,2161,0,0,645,927,388,201,1033,1128,1930,139,87,5,965,1196,3.13
JICT,2020-04-18,2772,1748,1022,2772,0,0,595,1257,434,486,1029,1743,2457,277,33,5,1622,1150,2.72
JICT,2020-04-19,1677,1400,275,1677,0,0,604,675,318,80,922,755,1340,284,41,12,517,1160,3.20
JICT,2020-04-20,955,510,445,955,0,0,308,449,165,33,473,482,741,167,47,0,304,651,2.45
JICT,2020-04-21,706,445,261,706,0,0,299,250,154,3,453,253,591,81,32,2,304,402,2.34
JICT,2020-04-22,2831,1910,921,2831,0,0,1195,934,395,307,1590,1241,2696,114,4,17,1196,1635,3.39
JICT,2020-04-23,1386,938,448,1386,0,0,483,602,239,62,722,664,1156,164,59,7,781,605,2.43
JICT,2020-04-24,1702,1233,469,1702,0,0,782,481,335,104,1117,585,1583,92,21,6,939,763,2.94
JICT,2020-04-25,2302,1520,782,2302,0,0,420,1041,295,546,715,1587,2117,89,89,7,1661,641,2.00
JICT,2020-04-26,1211,1065,146,1211,0,0,548,303,275,85,823,388,1037,163,1,10,459,752,2.49
JICT,2020-04-27,1047,767,280,1047,0,0,472,248,319,8,791,256,977,39,26,5,445,602,2.99
JICT,2020-04-28,913,644,269,913,0,0,443,267,186,17,629,284,893,8,0,12,501,412,2.82
JICT,2020-04-29,2365,1496,869,2365,0,0,777,1029,367,192,1134,1231,2155,161,47,2,897,1468,3.39
JICT,2020-04-30,2025,1681,344,2025,0,0,1160,391,354,120,1514,511,1880,41,104,0,1090,935,3.95
JICT,2020-05-01,2719,1949,770,2719,0,0,721,959,937,102,1648,1071,2406,206,91,16,1093,1626,3.72
JICT,2020-05-02,2194,1352,842,2194,0,0,423,1313,340,118,763,1431,1991,167,30,6,709,1485,2.83
JICT,2020-05-03,299,249,50,299,0,0,95,133,68,3,163,136,238,57,2,2,56,243,3.55
JICT,2020-05-04,1059,724,335,1059,0,0,413,314,234,98,647,412,973,77,9,0,266,793,4.35
JICT,2020-05-05,1406,1172,234,1406,0,0,734,448,192,32,926,480,1255,138,3,10,511,895,3.03
JICT,2020-05-06,1380,997,383,1380,0,0,667,367,298,48,965,415,1249,98,23,10,652,728,2.56
JICT,2020-05-07,923,694,229,923,0,0,513,277,111,22,624,299,912,3,8,0,567,356,2.18
JICT,2020-05-08,248,174,74,248,0,0,118,51,54,25,172,76,219,16,13,0,73,175,3.77
JICT,2020-05-09,978,763,215,978,0,0,317,374,173,114,490,488,756,136,73,13,181,797,3.02
JICT,2020-05-10,835,632,203,835,0,0,321,239,200,75,521,314,660,129,44,2,59,776,3.22
JICT,2020-05-11,1221,899,321,1221,0,0,594,356,230,41,821,400,1064,124,25,8,185,1036,2.92
JICT,2020-05-12,911,653,258,911,0,0,445,278,158,30,603,308,894,14,3,0,439,472,2.24
JICT,2020-05-13,1846,1459,386,1846,0,0,834,699,260,53,1094,752,1679,126,35,6,935,911,1.90
JICT,2020-05-14,450,283,167,450,0,0,220,151,60,19,280,170,410,29,4,7,274,176,1.70
JICT,2020-05-15,556,112,444,556,0,0,92,259,125,80,217,339,455,11,90,0,210,346,1.68
JICT,2020-05-16,1901,1137,764,1901,0,0,566,859,377,99,943,958,1664,125,35,77,1050,851,2.26
JICT,2020-05-17,948,572,376,948,0,0,208,533,186,21,394,554,754,159,28,7,296,652,2.01
JICT,2020-05-18,1113,425,688,1113,0,0,260,421,402,30,662,451,949,91,68,5,313,800,1.85
JICT,2020-05-19,605,468,137,605,0,0,205,261,137,2,342,263,553,49,2,1,329,276,3.11
JICT,2020-05-20,765,568,197,765,0,0,137,474,132,22,269,496,662,53,25,25,519,246,1.98
JICT,2020-05-21,288,237,51,288,0,0,96,140,36,16,132,156,231,52,5,0,31,257,5.29
JICT,2020-05-22,312,300,12,312,0,0,70,12,230,0,300,12,310,2,0,0,236,76,1.91
JICT,2020-05-25,450,272,178,450,0,0,169,215,30,36,199,251,416,9,23,2,19,431,3.02
JICT,2020-05-26,309,230,79,309,0,0,109,133,66,1,175,134,229,77,3,0,39,270,2.39
JICT,2020-05-27,699,459,240,699,0,0,207,332,70,90,277,422,606,9,84,0,410,289,1.35
JICT,2020-05-28,466,166,300,466,0,0,123,325,14,4,137,329,443,17,6,0,358,108,0.80
JICT,2020-05-29,425,222,203,425,0,0,77,231,95,22,172,253,329,70,26,0,191,234,1.02
JICT,2020-05-30,414,231,183,414,0,0,101,229,61,23,162,252,386,6,22,0,363,51,0.63
JICT,,14650,11031,3619,12795,1264,591,5267,4542,4384,457,9254,5396,13080,1186,303,81,6114,8536,3.85
